股票代码,股票名称,近3年,近5年,近10年,所有时间,当前市盈率(TTM),历史平均,历史最高,历史最低
SZ300479,神思电子,99.6,99.7,99.7,99.7,318.23,192.92,336.4,104.02
SZ300582,英飞特,56.5,53.4,53.4,53.4,38.68,46.52,123.89,20.48
SZ300516,久之洋,85,87,87,87,133.6,99.21,198.42,37.29
SZ300466,赛摩智能,1,1,1,1,23.37,168.99,319.5,72.37
SZ300712,永福股份,99,99,99,99,53.08,32.54,62.31,23.76
SH600573,惠泉啤酒,46.9,34.4,48.6,66.5,75.16,104.18,1598.66,16.55
SZ300100,双林股份,1,1,1,1,8.99,30.18,81.25,10.85
SZ300589,江龙船艇,98.9,98.9,98.9,98.9,209.24,90.29,249.25,61.77
SZ300561,汇金科技,93.5,94.2,94.2,94.2,418.96,131.47,550.88,37.35
SZ002724,海洋王,2.2,1.4,1.4,1.4,20.07,52.93,151.63,18.96
SZ000036,华联控股,82.4,63.2,34.2,17.3,8.23,109.9,1320.55,4.38
SZ300385,雪浪环境,99,99.4,99.1,99.1,160.6,59.18,181.08,25.44
SZ300556,丝路视觉,43.1,40.6,40.6,40.6,49.74,65.77,178.04,30.77
SZ300781,因赛集团,96,96,96,96,126.18,61.43,150.86,42.4
SH600861,北京城乡,1,1,1,1,64.88,46.62,564.73,16.93
SZ300176,派生科技,1,1,1,1,24.75,66.32,292.78,11.37
SZ002659,凯文教育,37.8,23.1,25.8,25.8,128.21,550.61,3512.99,33.52
SH603333,尚纬股份,77,69.6,74.1,74.1,68.85,147.55,1357.18,30.43
SH601163,三角轮胎,16.6,14.6,14.6,14.6,13.68,19.97,31.87,11.97
SZ002417,深南股份,1.7,6.9,69.7,69.7,82.77,71.56,443.09,22.49
SZ300555,路通视信,90.4,91.2,91.2,91.2,648.65,200.52,1176.33,39.67
SZ300670,大烨智能,98.9,98.9,98.9,98.9,101.15,74.43,107.26,51.88
SZ300588,熙菱信息,1,1,1,1,158.97,193.1,720.02,23.14
SZ002109,兴化股份,87.5,74.9,64.1,61.5,29.48,28.98,234.22,9.13
SH601669,中国电建,17.2,11.4,26.8,26.8,8.33,12.02,36.66,5.47
SH600890,中房股份,6,3.8,27.9,56.9,159.63,803.79,10330.3,18.59
SH603877,太平鸟,95.1,95.1,95.1,95.1,29.89,17.56,37.49,12.22
SH603488,展鹏科技,84.7,84.7,84.7,84.7,30.68,26.04,53.03,19.59
SZ002086,*ST东洋,1,1,1,1,1.6,59.43,218.39,18.7
SZ000906,浙商中拓,32,20.7,11,6.5,9.49,76.47,421.51,7
SH600306,*ST商城,1,1,1,1,7.08,274.4,1781.76,5.81
SZ002290,ST中科创,1,1,1,1,1.96,96.89,367.4,22.72
SH600238,ST椰岛,1,1,1,1,9.46,189.49,3625.37,10.71
SZ002638,*ST勤上,94.5,72.7,80.5,80.5,236.77,123.4,572.86,21.17
SH600518,ST康美,1,1,1,1,5.82,31.66,72,6.03
SH601777,*ST力帆,1,1,1,1,1.28,62.21,442.31,13.98
SZ300062,中能电气,1,1,1,1,2125.13,66.04,197.31,20.57
SZ000408,*ST藏格,99,87.2,59.6,58.9,63.87,160.29,2109.43,9.64
SZ300445,康斯特,94.8,67.2,67.2,67.2,53.54,51.47,143.92,24.09
SZ002210,*ST飞马,1,1,1,1,1.96,58.32,143.15,10.6
SZ002716,*ST金贵,1,1,1,1,0.42,57.8,139.7,19.79
SZ000869,张裕A,96.3,97,85.1,67.9,29.64,28.7,96.71,11.68
SH603855,华荣股份,87.4,87.4,87.4,87.4,27.18,20.36,36.96,15.45
SZ300514,友讯达,69.7,69.7,69.7,69.7,57.04,53.48,84.24,33.7
SZ000017,*ST中华A,1,1,1,1,634.14,795.48,9781.34,1.85
SH601238,广汽集团,99.3,93.8,83.4,83.4,33.98,23.81,91.83,8.97
SZ002076,*ST雪莱,1,1,1,1,3.44,117.21,620.59,18.05
SZ002706,良信电器,96.8,97.8,95.7,95.7,65.87,37.56,79.26,17.3
SH600421,ST仰帆,1.7,0.9,36.6,61.4,292.15,605.13,4788.96,7.53
SZ002428,云南锗业,1,1,1,1,243.87,207.11,1037.82,48.13
SH600179,*ST安通,1,1,1,1,1.92,85.55,322.5,10.45
SH603992,松霖科技,28,28,28,28,27.17,28.06,43.01,17.71
SH601028,玉龙股份,48.8,58.6,74.9,74.9,78.99,84.95,439.81,20.74
SZ300129,泰胜风能,28.5,23.3,13.7,13.7,23.79,48.93,327.11,17.23
SZ300499,高澜股份,94.8,92.4,92.4,92.4,61.38,44.1,73.19,26.54
SZ002240,威华股份,1,1,1,1,147.5,288.47,1434.49,22.72
SZ000587,*ST金洲,1,1,1,1,0.53,43.68,249.29,5.76
SZ300283,温州宏丰,92.4,74.3,75.9,75.9,179.08,166.86,798.95,19.32
SZ300505,川金诺,66.8,58.2,58.2,58.2,36.27,39.29,86.41,24.07
SZ300269,联建光电,1,1,1,1,2.21,75.27,329.47,18.25
SZ300693,盛弘股份,19.7,19.7,19.7,19.7,40.91,51.15,114.14,28.41
SZ300107,建新股份,74.8,49.7,28.9,28.9,22.59,81.33,281.11,6.28
SZ300151,昌红科技,78.3,52.5,65.9,65.9,104.75,100.11,353.78,23.17
SH600733,北汽蓝谷,1,1,1,1,13.42,859.39,21165.7,25.73
SH600696,ST岩石,61.5,64.8,73.5,67.4,286.82,292.6,3570.85,31.84
SZ300351,永贵电器,1,1,1,1,10.08,56.7,162.07,15.74
SZ000729,燕京啤酒,98.3,98.9,99.4,99.7,324.39,42.81,349.04,15.03
SZ002203,海亮股份,65.7,44.7,27.8,24.2,19.92,25.99,53.7,14.38
SZ300386,飞天诚信,92.5,95.1,95.5,95.5,103.01,59.85,124.69,27.67
SH600908,无锡银行,14.9,12.8,12.8,12.8,8.03,12.01,48.05,6.96
SZ300394,天孚通信,75.3,69.9,69.9,69.9,51.45,46.44,82.64,25.05
SZ002164,宁波东力,10.7,5.6,3.5,2.6,3.13,97.51,487.98,2.52
SH600337,美克家居,84.3,89.7,83,75.1,62.78,50.1,236.15,10.5
SZ300718,长盛轴承,90.3,90.3,90.3,90.3,32.12,27.29,42.23,20.98
SH600731,湖南海利,7,4.7,2.6,1.2,17.13,246.31,4192.45,15.38
SH603648,畅联股份,31,31,31,31,29.67,32.06,42.24,24.02
SZ300034,钢研高纳,71.1,55.3,58.4,56.3,66.31,64.5,148.56,35.88
SH600638,新黄浦,1,1,1,1,8.22,50.74,219.55,6.73
SH600608,ST沪科,48.5,62.1,77.1,87.4,297.93,207.67,2644.29,9.67
SZ300407,凯发电气,43.6,50.8,49.7,49.7,54.54,80.16,326,25.93
SH601611,中国核建,25.6,22.6,22.6,22.6,15.37,22.6,50.99,12.39
SZ300469,信息发展,1,1,1,1,20.93,99.48,231.62,37.49
SZ300585,奥联电子,94,94.3,94.3,94.3,122.4,63.71,142.78,23.25
SH603956,威派格,50.3,50.3,50.3,50.3,62.42,63.72,77.74,51.28
SZ300057,万顺新材,94.3,66.8,72.4,72.4,49.46,46.16,137.51,23.64
SZ002577,雷柏科技,1,1,1,1,33.82,211.47,1072.6,22.67
SZ300710,万隆光电,1,1,1,1,677.27,149,1054.3,40.03
SZ300668,杰恩设计,99,99,99,99,60.15,27.09,67.24,18.32
SZ002354,*ST天娱,1,1,1,1,2.83,74.87,461.36,6.4
SZ000001,平安银行,98.4,98.9,99.4,53.9,12.69,29.26,185.45,5.02
SH600754,锦江酒店,100,96.9,97.3,90.9,56.76,37.8,121.51,14.39
SZ300490,华自科技,96.9,72.5,72.5,72.5,78.53,62.83,151.63,20.59
SH601717,郑煤机,62.8,44.2,47.1,47.1,14.21,66.58,812.53,6.34
SZ002245,澳洋顺昌,73.2,57.5,60,59.7,35.83,40.55,409.9,10.03
SH600660,福耀玻璃,100,100,100,83.4,46.14,162.71,7457.67,7.9
SZ002306,ST云网,1,1,1,1,72.55,124.78,448.31,19.17
SZ002908,德生科技,12.9,12.9,12.9,12.9,32.38,40.01,74.26,28.59
SZ000039,中集集团,87.1,75,86.1,89.7,33.18,35,869.52,2.22
SH600702,ST舍得,70.1,45.8,35.4,21,30.41,119.57,1091.35,15.52
SZ000525,红太阳,1,1,1,1,24.39,244.18,8620.89,10.6
SH600856,*ST中天,1,1,1,1,0.61,391.35,54895.8,11
SH603466,风语筑,46,46,46,46,21.73,22.31,58.94,15.19
SZ300438,鹏辉能源,99.7,99.8,99.8,99.8,233.81,42.17,242.65,13.02
SZ300239,东宝生物,98.6,73.6,72.7,72.7,174.17,188.59,1437.39,36.73
SZ300414,中光防雷,94.9,92.8,92.8,92.8,95.86,76.56,110.6,47.33
SZ002251,步步高,90.7,93.8,96.7,97.1,122.43,47.18,145.93,16.1
SH600600,青岛啤酒,80,86.5,92.5,77.5,49,39.33,98.51,16.56
SZ300094,国联水产,1,1,1,1,6.17,61.01,200.06,15.13
SZ002202,金风科技,92.5,94.2,62.1,50.4,21.29,44.49,546.05,9.32
SH600895,张江高科,2.2,1.5,11.1,9,24.36,55.17,393.76,16.05
SH600199,金种子酒,1,1,1,1,21.81,115.94,1104.97,10.15
SZ300546,雄帝科技,99.4,99.5,99.5,99.5,103.01,38.32,106.29,25.04
SZ002876,三利谱,42.3,42.3,42.3,42.3,73.63,4760.57,35868.1,27.02
SZ002418,*ST康盛,1,1,1,1,5.24,60.28,265.07,16.83
SH600448,华纺股份,33.7,24.7,52.9,55.9,156.65,178.5,571.88,35.84
SZ300648,星云股份,40,40,40,40,87.01,320.32,1164.41,33.48
SZ300265,通光线缆,60.3,72.8,74.3,74.3,109.54,145.87,1510.75,19.3
SZ300327,中颖电子,84.1,57.2,40.5,40.5,47.75,68.02,186.85,25.94
SZ002833,弘亚数控,97.9,95,95,95,38.13,23.54,51,14.87
SH603039,泛微网络,96.7,96.7,96.7,96.7,145.75,92.99,163.17,63.39
SZ002461,珠江啤酒,57.7,38.5,22.6,22.6,39.64,111.63,310.03,26.04
SH601838,成都银行,88.3,88.3,88.3,88.3,6.52,5.9,7.19,4.98
SZ300048,合康新能,1,1,1,1,21.75,74.8,341.38,16.04
SZ002646,青青稞酒,1,1,1,1,91.17,49.35,131.8,18.18
SH600256,广汇能源,74,50.3,27.1,20.7,17.58,49.11,361.53,9
SH600019,宝钢股份,86.1,52.7,54.2,52.3,12.08,15.78,96.74,5.16
SZ300076,GQY视讯,21.7,14.3,52.8,52.8,298.92,1549.69,35233.4,28.59
SZ002735,王子新材,97.4,79.3,79.6,79.6,98.56,73.61,178.38,35.54
SZ000913,钱江摩托,80.6,82.9,70.6,87.4,71.64,57.5,595.17,11
SZ300096,易联众,1,1,1,1,147.81,10290.78,235663,18.08
SZ000929,兰州黄河,1,1,1,1,72.36,278.86,6508.74,8.54
SZ002534,杭锅股份,9.8,7.5,5.1,5.1,13.51,61,585.96,10.47
SH603569,长久物流,80.1,82.6,82.6,82.6,48.16,55.57,435.12,14.4
SZ002781,奇信股份,1,1,1,1,380.11,55.68,311.3,18.42
SZ300222,科大智能,1,1,1,1,3.73,78.08,410.49,18.99
SH603223,恒通股份,75,80.8,80.8,80.8,79.96,102.86,1207.7,26.19
SH603279,景津环保,47.4,47.4,47.4,47.4,21.5,21.8,26.84,19.7
SH600826,兰生股份,99.8,99.9,99.9,93.6,323.79,103.92,872.11,9.08
SH603776,永安行,33.9,33.9,33.9,33.9,7.13,14.93,33.02,4.69
SZ300787,海能实业,21.4,21.4,21.4,21.4,42.32,46.73,60.4,34.28
SZ002430,杭氧股份,89.8,75.5,77.2,77.2,44.41,42.47,284.35,12.44
SZ300375,鹏翎股份,98.7,90.8,86,86,34.29,26.34,57.07,15.94
SH601866,中远海发,13.1,11.4,14,15,14.05,33.62,415.14,8.16
SZ002853,皮阿诺,63.3,63.3,63.3,63.3,21.45,21.35,43.39,14.1
SZ002685,华东重机,28.6,19,14,14,17.34,152.61,988.7,10.85
SZ300470,中密控股,94,76.1,76.1,76.1,40.31,36.13,66.92,22.92
SH600543,莫高股份,90.4,93.7,95.2,96.1,380.93,136.31,590.79,21.66
SZ300436,广生堂,78.2,84.5,84.5,84.5,426.31,278.58,1070.34,73.06
SZ300697,电工合金,93.9,93.9,93.9,93.9,41.08,32.53,63.1,20.03
SZ002441,众业达,54.4,36.6,42.4,42.4,20,26.62,76.88,13.1
SZ300786,国林科技,64.5,64.5,64.5,64.5,35.93,35.1,43.92,30.13
SZ300647,超频三,100,100,100,100,1041.12,320.99,1041.12,78.69
SZ002863,今飞凯达,91.4,91.4,91.4,91.4,50.04,39.56,76.97,27.86
SZ300008,天海防务,1,1,1,1,28.83,79.68,348.87,19.34
SZ002946,新乳业,9.6,9.6,9.6,9.6,64.01,78.54,113.59,47.59
SH603683,晶华新材,5.7,5.7,5.7,5.7,59.8,252.35,1506.63,48.1
SH603159,上海亚虹,29.9,26,26,26,47.23,57.76,100.16,36.51
SZ002568,百润股份,80.4,79.9,77.9,77.9,78.72,84.33,1146.38,23.73
SH601601,中国太保,38.5,26.8,14.6,13.2,12.58,24.59,159.25,8.1
SZ300011,鼎汉技术,86.5,92.5,89.2,89.5,130.26,82.1,452.36,19.18
SZ000012,南玻A,84.2,74.8,67.4,59.7,31.44,42.06,516.44,5.8
SH600791,京能置业,1,1,1,1,24.82,64.7,573.16,5.46
SZ002214,大立科技,0.5,0.3,0.2,0.2,27.81,91.81,192.33,27.46
SZ000990,诚志股份,92.2,86.7,83.9,86.3,121.2,73.07,351.23,15.62
SZ002090,金智科技,92.9,95.3,97.4,98.1,108.61,45.01,170.91,13.05
SZ002856,美芝股份,1,1,1,1,92.15,98.78,147.97,57.19
SZ000777,中核科技,57,38.3,21.1,23.4,47.95,91.79,518.72,10.12
SH600258,首旅酒店,1,1,1,1,105.98,40.1,125.45,9.78
SZ200017,*ST中华B,1,1,1,1,195.97,308.33,3696.23,0.42
SZ002239,奥特佳,99.8,99.9,92.5,93.6,460.67,164.06,1613.58,10.89
SH600248,延长化建,99.4,83.3,83.8,63.5,34.34,35.88,170.35,8.48
SZ300747,锐科激光,88.6,88.6,88.6,88.6,100.32,65.47,128.74,37.4
SH600616,金枫酒业,1,1,1,1,1838.26,53.99,170.1,14.64
SH603629,利通电子,96.3,96.3,96.3,96.3,67.85,43.18,72.74,29.36
SH603727,博迈科,3.2,8.4,8.4,8.4,44.17,205.34,1081.22,28.42
SZ002469,三维工程,8,8.9,12,12,30.89,58.66,443.94,22.86
SZ300810,中科海讯,18.6,18.6,18.6,18.6,176.81,186.2,210.21,167.3
SZ300772,运达股份,51.6,51.6,51.6,51.6,37.85,37.89,45.76,30.83
SZ000961,中南建设,0.4,0.3,0.7,0.4,6.26,46.42,620.32,5.94
SZ300109,新开源,61.6,41.2,38.9,38.9,52.79,80.07,385.12,27.47
SZ002684,*ST猛狮,0.3,0.1,0.1,0.1,14.7,632.87,3230.69,14.7
SZ000416,民生控股,70.5,71.3,56.3,69.1,130.39,7130.51,447807,13.25
SH601500,通用股份,89.7,84.5,84.5,84.5,57.23,44.2,73.15,28.37
SH600630,龙头股份,1,1,1,1,21.03,326.61,8905.87,17.45
SH601919,中远海控,20,17.7,12.3,18.7,13.82,50.12,440.18,2.06
SZ002282,博深股份,58.1,37.4,40.6,42.7,54.19,545.55,11343.9,26.55
SZ300625,三雄极光,48.9,48.9,48.9,48.9,21.14,21.83,27.87,13.82
SZ002867,周大生,74.5,74.5,74.5,74.5,21.06,18.88,28.13,13.31
SZ002654,万润科技,1,1,1,1,1119.83,82.42,360.89,21.28
SZ000599,青岛双星,1,1,1,1,13.44,146.77,4728.01,9.77
SH600568,*ST中珠,1,1,1,1,8.37,79.23,567.11,11.93
SZ300753,爱朋医疗,55.6,55.6,55.6,55.6,38.39,38.46,49.37,31.77
SH601318,中国平安,67.9,70.7,51.1,42.8,12.09,19.49,477.43,8.17
SH600339,中油工程,13.4,11.8,11.3,4.7,15.86,114.5,4587.02,9.47
SZ002420,ST毅昌,28.5,10.6,4.3,4.3,10.64,147.81,1419.23,9.69
SZ300065,海兰信,92.5,70.7,66.1,66.1,114.59,114.02,607.88,30.06
SZ300340,科恒股份,1,1,1,1,85.68,305.72,2726.92,23.12
SZ002431,棕榈股份,1,1,1,1,7.46,43.65,119.61,16.59
SZ002670,国盛金控,1,1,1,1,55.69,346.4,3062.04,18.65
SH600376,首开股份,77.9,52.9,45.8,28,8.26,53.67,1035.14,4.24
SH600550,保变电气,42.5,24.5,43.1,71.5,82.59,444.69,12076.9,16.31
SH600738,兰州民百,72.4,46.2,42.5,25.9,27.81,61.15,537.36,2.7
SH601677,明泰铝业,39.8,26.4,17.2,17.2,9.2,29.77,95.38,5.95
SZ000585,*ST东电,2.5,1.4,0.4,0.2,12.71,301.55,2220.29,12.51
SZ002907,华森制药,57.8,57.8,57.8,57.8,50.07,51.11,136.18,34.86
SZ002841,视源股份,46,46,46,46,43.21,44.15,58.03,31.45
SZ002188,ST巴士,1.6,0.7,0.4,0.3,1.58,378.05,5848.69,1.57
SH601800,中国交建,31.9,21.1,33.4,33.4,7.34,10.26,27.22,4.45
SZ300761,立华股份,96.3,96.3,96.3,96.3,17.88,11.41,18.26,9.24
SZ300460,惠伦晶体,1,1,1,1,25.24,107.95,226.86,52.66
SH601319,中国人保,48.1,48.1,48.1,48.1,14.74,18.28,33.87,11.63
SH601003,柳钢股份,85.9,76,40.8,34.5,6.7,18.54,170.16,3.04
SZ000920,南方汇通,85.8,57.3,40,35.3,43.85,64.67,384.84,21.09
SZ300488,恒锋工具,57,40.3,40.3,40.3,33.97,40.48,89.28,19.02
SZ300626,华瑞股份,97.3,97.3,97.3,97.3,122.64,50.24,161.17,23.84
SH600604,市北高新,29.6,23.7,32.6,17.7,55.16,567.4,15779.7,20.24
SZ002355,兴民智通,1,1,1,1,23.55,106.37,477.43,18.61
SZ300419,浩丰科技,1,1,1,1,114.93,75.79,188.15,40.54
SZ300295,三六五网,98.3,85.3,78.1,78.1,46.93,40.57,146.69,20.8
SH603766,隆鑫通用,92.3,61.5,56.8,56.8,16.42,16.01,49.05,7.11
SZ300273,和佳医疗,90.7,79.8,87.3,87.3,127.01,75.35,231.61,24.7
SH603722,阿科力,71.9,71.9,71.9,71.9,74.01,67.79,117.87,38.99
SH603798,康普顿,15.4,13.3,13.3,13.3,22.13,28.01,46.35,18.7
SZ002226,江南化工,21.5,13.8,18.3,15.9,19.22,61.06,453.36,13.93
SZ000407,胜利股份,30.5,21.6,26.8,20,26.3,76.37,933.01,9.49
SZ200429,粤高速B,97.2,97.1,88.5,89.9,14.95,9.87,54.31,1.64
SZ000701,厦门信达,1,1,1,1,1.1,128.25,2430.76,9.89
SZ000751,锌业股份,8.8,5.8,14.6,9.6,19.72,64.54,624.5,1.89
SZ000509,*ST华塑,1,1,1,1,11.01,133.88,674.52,20.69
SZ000807,云铝股份,21.7,13.4,9.1,36.8,24.71,87.56,1139.56,7.46
SH600059,古越龙山,82.9,57.2,53.9,60.8,45.81,52.31,379.73,19.17
SZ200706,瓦轴B,1,1,1,1,7.78,39.58,261.11,1.49
SZ002752,昇兴股份,1,1,1,1,265.54,94.03,197.35,48.17
SZ300226,上海钢联,1.6,1.4,16.6,16.6,65.34,294.27,4223.99,21.71
SZ000617,中油资本,0.9,0.8,0.6,0.2,10.77,138.36,2676.3,9.86
SZ002823,凯中精密,52.8,49.4,49.4,49.4,31.58,42.5,121.65,17.43
SZ002801,微光股份,31.3,27,27,27,26.98,31.8,74.88,19.89
SZ001872,招商港口,93.6,93.6,93.6,93.6,24.67,14.1,25.94,8.23
SZ002865,钧达股份,67.8,67.8,67.8,67.8,43.81,48.33,117.55,25.87
SZ000703,恒逸石化,20.1,13.8,13.5,10.2,11.31,238.01,11029.2,6.43
SZ002930,宏川智慧,82.1,82.1,82.1,82.1,60.34,45.39,79.12,28.91
SZ000885,城发环境,92.4,73.4,54,36.7,20.8,369.79,11942,4.79
SZ002236,大华股份,31.8,20.9,11.3,9.9,17.37,33.65,75.81,12.97
SH603035,常熟汽饰,96.8,96.8,96.8,96.8,19.81,12.71,21.54,7.98
SH600559,老白干酒,68.5,45,32.3,25.9,37.14,105.46,964.8,19.7
SZ300320,海达股份,81.4,54.2,40.9,40.9,22.3,33.04,82.51,13.2
SH601328,交通银行,15.3,10.1,13.2,10.7,4.87,7.48,26.39,4.3
SH600028,XD中国石,51.4,33.5,60.4,45.5,12.74,16.05,143.3,6.71
SH600456,宝钛股份,16.9,14.7,7.8,33,45.8,307.17,4158.37,9.66
SZ300633,开立医疗,87.7,87.7,87.7,87.7,159.57,75.08,250.33,38.29
SZ002139,拓邦股份,56.1,37.4,22.3,19,21.85,41.15,120.34,15.53
SZ000026,飞亚达,57.3,38.2,30.3,18.5,23.45,112.93,2136.66,12.97
SZ300437,清水源,83.2,57.1,57.1,57.1,33.27,53.05,180.33,9.76
SH603738,泰晶科技,58.2,60.7,60.7,60.7,207.15,886.14,6496.89,28.96
SZ000609,中迪投资,2.2,1.2,11.3,9.2,18.92,58.14,393.33,5.49
SH600515,海航基础,1,1,1,1,27.74,77.6,660.84,4.15
SZ000301,东方盛虹,95.9,97.3,93.2,87.3,60.19,41.92,281.48,10.81
SZ002483,润邦股份,37.8,30.1,47.7,47.7,37.09,47.74,189.24,15.21
SH603669,灵康药业,90.7,64.8,64.8,64.8,28.36,31.1,71.5,14.84
SH600226,*ST瀚叶,1,1,1,1,7.45,50.22,144.07,9.67
SH603922,金鸿顺,1,1,1,1,29.2,56.1,101.51,24.16
SZ300035,中科电气,87.5,62.7,71.3,71.2,59.33,63.5,309.42,16.23
SZ000985,大庆华科,81,80.9,85.6,91.3,616.21,398.72,18317.7,20.46
SZ000533,顺钠股份,56.7,62.2,72.5,74.5,72.86,83.06,706.3,10.58
SH600151,航天机电,1,1,1,1,14.02,154.26,1840.37,14.23
SZ000922,佳电股份,17.6,17.6,9.4,5.1,11.33,1821.63,70381.1,9.42
SH600267,海正药业,31.6,21.5,54.3,62.2,55.16,118.61,1140.17,12.21
SH603665,康隆达,97.5,97.5,97.5,97.5,80.39,37.7,87.22,24.27
SZ002421,达实智能,1,1,1,1,29.86,51.58,180.17,22.21
SZ300569,天能重工,31.9,29.9,29.9,29.9,18.49,25.55,48.15,11.51
SH600112,ST天成,1,1,1,1,0.77,160.78,4563.6,15.56
SZ300271,华宇软件,99.7,97,94.7,94.7,68.99,42.42,139.93,15.46
SH601668,中国建筑,15.5,10.3,14.3,14.1,5.24,7.43,21.31,3.89
SZ300277,海联讯,64.3,60.6,70.9,70.9,250.02,278.96,2597.48,23.28
SZ002077,*ST大港,1,1,1,1,46.05,128.71,852.34,10.49
SZ002190,成飞集成,66.2,63.5,51.6,60.3,159.18,133.05,963.6,9.86
SH600387,海越能源,99.7,76.6,42,53.4,44.62,94.42,863.39,6.58
SZ300357,我武生物,89.7,93.1,93.8,93.8,113.5,66.09,129.11,39.77
SZ002272,川润股份,37.6,32,24,22,35.39,121.54,553.02,18.67
SH603607,京华激光,2.2,2.2,2.2,2.2,22.97,27.5,50.35,22.37
SZ002192,*ST融捷,1,1,1,1,19.72,501.9,3433.84,13.49
SZ000690,宝新能源,10.5,7,21.1,11.7,13.46,35.86,309.28,6.2
SH600751,海航科技,15.6,9.8,11.3,6.9,13.86,161.34,4109.28,8.58
SZ000005,世纪星源,1,1,1,1,99.59,287.67,5410.72,8.29
SH603778,乾景园林,1,1,1,1,162.3,50.44,110.28,23.75
SZ300691,联合光电,61.2,61.2,61.2,61.2,72.37,58.45,79.72,36.64
SZ002112,三变科技,39,23,30,47.6,64.15,111.43,609.77,16.49
SH600523,贵航股份,41.6,53.5,54.8,36.8,38.07,78.51,631.65,18.49
SH601618,中国中冶,0.9,0.6,0.4,0.4,7.6,15.33,52.63,7.48
SH600989,宝丰能源,48.3,48.3,48.3,48.3,18.31,19.02,25.77,16.01
SH900934,锦江B股,100,78.9,80.1,79.5,20.94,12.56,42.25,0.12
SH600015,华夏银行,16.5,9.8,12.6,7.6,4.62,12.33,56.5,4.11
SH603359,东珠生态,0.8,0.8,0.8,0.8,13.7,17.53,35.4,12.87
SZ000415,渤海租赁,1,1,1,1,6.33,161.37,7898.64,6.55
SH600340,华夏幸福,3,1.9,1,0.8,4.54,200.32,16056.8,4.33
SZ002151,北斗星通,1,1,1,1,50.8,1188.83,41435.7,19.43
SZ002111,威海广泰,23.4,15.4,8.3,6.7,18.49,40.13,113.69,15.93
SZ300092,科新机电,7.1,5.7,3.8,3.8,36.66,134.92,886.67,33.19
SH600287,江苏舜天,5.6,3.6,11.4,6.5,9.96,60.05,286.54,7.01
SZ000911,南宁糖业,13.4,8.7,3.5,1.1,4.3,47.32,391.35,3.76
SH603758,秦安股份,2,2,2,2,7.52,78.64,207,7.22
SZ002370,亚太药业,1,1,1,1,1.1,72.74,642.88,21.32
SH600326,西藏天路,82.5,56.8,36.7,22.5,20.23,77.68,771.94,10.42
SZ002353,杰瑞股份,0.2,0.1,0.1,0.1,15.57,73.03,355.21,15.52
SZ002560,通达股份,2.4,1.6,17.6,17.6,29.93,70.85,257.98,21.82
SH603768,常青股份,80.8,80.8,80.8,80.8,52.61,51,269.05,16.2
SZ300400,劲拓股份,0.1,0.1,0.1,0.1,31.89,77.34,168.64,31.89
SZ300297,蓝盾股份,1,1,1,1,7.31,86.54,423.81,13.16
SZ002408,齐翔腾达,23.3,15.5,10.9,10.9,16.49,28.78,84.84,11.32
SZ002617,露笑科技,93.1,85.3,81.4,81.4,311.64,197.9,1674.68,15.12
SH600770,综艺股份,1.9,1.4,15.1,13.9,29.97,167.84,1674.17,18.23
SZ002036,联创电子,91.3,64.4,36.4,39.2,46.32,105.41,716.55,14.44
SH603767,中马传动,88.3,88.3,88.3,88.3,41.65,36.59,51.9,26.75
SZ300061,旗天科技,1,1,1,1,46.05,120,887.1,11.96
SH600383,金地集团,60.8,41.4,23.6,13.8,6.8,17.11,105.19,4.2
SH603110,东方材料,65.9,65.9,65.9,65.9,51.8,49.25,70.37,29.67
SZ000626,远大控股,82.1,90,91.1,72.6,88.99,157.06,2434.51,9.36
SH601818,光大银行,53.5,47,51.4,51.4,5.99,6,12.71,4.14
SZ002807,江阴银行,6,5.1,5.1,5.1,8.7,14.57,53.68,8.11
SZ000863,三湘印象,64.6,70.2,77,42.5,48.83,109.21,1639,8.59
SH600919,江苏银行,13.4,11.5,11.5,11.5,4.72,6.32,10.98,4.33
SH603533,掌阅科技,61.1,61.1,61.1,61.1,61.13,63,146.52,40.08
SZ300617,安靠智电,62.1,62.1,62.1,62.1,41.17,41.56,75.03,21.2
SZ002114,罗平锌电,1,1,1,1,14.8,176.34,1010.89,13.22
SH603222,济民制药,41.8,59.9,59.9,59.9,183.92,198.01,581.79,49.24
SH601258,ST庞大,1.3,0.6,0.5,0.5,4.84,105.9,529.27,4.84
SH601390,中国中铁,0.7,0.5,0.3,0.2,5.11,15.62,99.82,5.03
SH603600,永艺股份,75.7,53.9,53.9,53.9,28.27,31.39,62.87,17.39
SZ200030,富奥B,22.8,15.3,20.1,33.6,6.1,13.61,104.68,0.5
SH601117,中国化学,12.7,8.8,13,13,9.73,14.2,27.3,7.39
SZ000735,罗牛山,51.4,41.9,24.9,43.7,76.21,120.62,2060.53,6.2
SH601366,利群股份,85.5,85.5,85.5,85.5,53.75,34.72,71.42,12.39
SH603601,再升科技,33.9,24.2,24.2,24.2,29.93,52.59,128.39,21.29
SZ300306,远方信息,66.2,48.9,63.8,63.8,59.94,52.17,112.12,17.58
SZ002068,黑猫股份,1,1,1,1,28.43,257.35,8349.2,6.66
SZ000997,新大陆,85.4,59.4,32.2,20.9,32.77,58.68,160.26,18.01
SZ300131,英唐智控,99.3,78.7,55.6,55.6,67.78,109.22,651.76,24.55
SZ300245,天玑科技,98.3,93.4,95.3,95.3,134.43,72.56,175.83,22.09
SH600428,中远海特,99.3,86.5,87.4,93.2,112.59,59.28,980.22,3.91
SZ300503,昊志机电,1,1,1,1,53.77,78.06,219.93,31.42
SZ300330,华虹计通,88.9,68.2,82.4,82.4,367.64,411.12,2969.67,33.26
SZ002021,ST中捷,0.3,0.2,17.2,46,43.78,228.9,3401.18,14.43
SZ300570,太辰光,84.4,83,83,83,44.56,37.43,58.7,26.29
SZ002529,*ST海源,1,1,1,1,3.05,786.12,7641.64,20.98
SH603677,奇精机械,69.6,69.6,69.6,69.6,33.58,32,42.06,24.57
SH600639,浦东金桥,13.2,8.7,9.8,4.8,13.13,46.69,218,8.69
SZ200168,*ST舜喆B,48.5,24,47.8,64,42.25,58.26,342.58,3.52
SH603217,元利科技,10.2,10.2,10.2,10.2,29.24,31.03,34.13,25.4
SH600482,中国动力,83,64.5,39.7,44.9,42.94,63.38,331.71,16.58
SH600704,物产中大,17.1,10.9,6.2,2.7,8.18,30.01,123.66,6.87
SZ002027,分众传媒,100,92,68.9,70.9,77.49,1380,66559.4,10.68
SZ000581,威孚高科,69.9,46.8,25.9,13.4,9.68,23.34,139.76,5.98
SZ000971,*ST高升,1,1,1,1,3.89,275.78,8575.9,19.16
SZ000030,富奥股份,95,64.5,52.1,35.5,15.09,54.45,908.11,1.38
SH601890,亚星锚链,0.6,20.9,39,39,62.28,235.66,1201.1,39.42
SH601333,广深铁路,1,1,1,1,13.11,25.25,97.45,10.91
SZ300154,瑞凌股份,95.8,67,77.6,77.6,44.08,33.53,78.75,14.76
SH603900,莱绅通灵,80.2,78.9,78.9,78.9,33.38,25.64,48.15,12.25
SH600628,新世界,1,1,1,1,150.68,40.59,338.6,9.1
SZ002320,海峡股份,56.2,62.2,67.5,66.9,52.39,52.09,128.88,21.18
SH600184,光电股份,46.8,31.2,33.2,33.5,98.65,180.74,1915.87,29.81
SH603088,宁波精达,7.7,5.1,4.8,4.8,26.61,83.73,240.18,25.17
SH601186,中国铁建,0.7,0.5,5.4,4.7,5.59,11.21,35.33,4.57
SZ002101,广东鸿图,1,1,1,1,32.7,30.09,139.15,10.58
SH600470,*ST六化,1,1,1,1,16.21,58.7,316.44,7.51
SZ002839,张家港行,11.6,11.6,11.6,11.6,10.76,12.31,20.13,9.63
SH603050,科林电气,49.5,49.5,49.5,49.5,23.82,24.12,38.91,18.81
SZ000868,ST安凯,19.7,2.2,0.7,0.3,17.54,128.17,2522.95,16.25
SZ002554,惠博普,1,1,1,1,19.92,47.67,105.84,24.23
SH603358,华达科技,80.3,80.3,80.3,80.3,35.12,27.07,46.25,13.05
SZ300534,陇神戎发,1,1,1,1,450.58,194.62,358.52,98.2
SZ300137,先河环保,36.2,24,14,14,16.29,50.45,132.17,12.39
SH600378,昊华科技,46.3,29,17.9,16.8,35.26,76.25,659.43,14.02
SZ300412,迦南科技,65.4,45.2,43.2,43.2,53.54,62.09,141.07,35.34
SZ200625,长安B,55.9,74,42.7,51.4,6.81,14.01,247.05,0.87
SZ002936,郑州银行,23,23,23,23,7.33,8.45,11.91,6.11
SH600157,*ST永泰,64.3,74.6,82.7,70.9,107.48,127.51,1341.01,8.19
SZ300732,设研院,68.1,68.1,68.1,68.1,14.37,13.54,26.15,9.94
SH603989,艾华集团,42.6,31.8,31.8,31.8,28.62,32.73,45.68,22.75
SH600284,浦东建设,73.8,46.5,36.5,26.9,15.78,22.95,61.9,11.52
SH600863,内蒙华电,25.7,17.2,24.3,11.8,13.92,125.9,7741.09,6.69
SH600006,东风汽车,67.9,40.5,42.2,62,28.89,38.13,272.38,9.53
SH600438,通威股份,91.7,84.1,66,56.6,35.23,36.75,139.1,9.14
SZ000898,鞍钢股份,94.1,93.1,63.7,67,19.22,22.05,246.82,3.43
SZ002280,*ST联络,1,1,1,1,1.04,82.72,320.5,26.67
SZ002948,青岛银行,1.7,1.7,1.7,1.7,9.24,9.88,11.18,9.22
SZ002177,御银股份,8,4.4,45.2,55.2,51.49,569.06,10492.2,13.07
SH603959,百利科技,1,1,1,1,11.01,42.07,73.96,22.39
SZ002681,*ST奋达,1,1,1,1,3.99,57.64,192.98,15.02
SH601633,长城汽车,99.9,99.9,100,100,62.46,16.65,63.2,7.9
SH600928,西安银行,32.8,32.8,32.8,32.8,8.66,8.94,10.52,8.13
SZ002502,*ST鼎龙,1,1,1,1,3.06,73.12,317.87,16.03
SZ000663,*ST永林,1,1,1,1,5.13,141.85,781.23,15.64
SH600135,乐凯胶片,69.9,44.6,36.7,63.7,96.83,191.16,2219.88,15.72
SH601579,会稽山,77.3,50.9,46,46,29.21,36.18,77.01,22.35
SZ300420,五洋停车,61.3,44,44,44,38.16,59.67,314.27,22.7
SZ300716,国立科技,1,1,1,1,29.79,36.37,61.14,23.77
SZ300686,智动力,15.9,15.9,15.9,15.9,37.92,65.5,158.83,31.73
SZ002057,中钢天源,38.8,25.5,15.9,12.4,27.3,103.88,353.5,13.92
SZ002648,卫星石化,98.9,93.5,76.5,76.5,22.29,18.33,34.25,10.83
SZ300580,贝斯特,99.4,99.4,99.4,99.4,33.82,21.71,37.02,15.78
SH603360,百傲化学,21,21,21,21,15.86,24.22,47.6,12.84
SZ002064,华峰氨纶,9.6,7.6,4.3,10.4,14.23,42.41,422.14,4.89
SZ002694,顾地科技,51,31.5,48.3,48.3,77.07,399.67,9430.25,18.05
SH600926,杭州银行,99.1,95,95,95,11.41,8.48,13.92,6.09
SH600138,中青旅,1,1,1,1,71.53,37.14,317.97,11.78
SZ002827,高争民爆,88.7,89.3,89.3,89.3,133.39,83.67,366.81,23.46
SZ000555,神州信息,53.6,32.8,27.6,19.5,43.86,479.84,6955.15,18.41
SH603811,诚意药业,60.5,60.5,60.5,60.5,26.23,26.28,42,19.16
SZ000035,中国天楹,1.1,0.7,12.6,12.5,14.31,56.11,774.5,1.34
SZ002596,海南瑞泽,1,1,1,1,15.18,151.39,1622.92,22.68
SH600307,酒钢宏兴,73.9,64.5,59.5,67.2,25.22,33.13,966.7,4.06
SH603517,绝味食品,90.2,90.2,90.2,90.2,68.12,38.28,83.95,20.91
SZ200026,飞亚达B,0.4,0.3,0.1,18.2,9.52,24.76,277.28,1.34
SZ002501,*ST利源,1,1,1,1,0.21,24.53,56.69,8.54
SH601228,广州港,14.7,14.7,14.7,14.7,23.5,31.43,49.07,21.56
SH601288,农业银行,21.5,21.4,27.6,27.6,5.61,5.98,10.2,4.4
SH601369,陕鼓动力,19.1,12.6,27.7,27.7,18.11,26.8,62.51,10.41
SZ002454,松芝股份,84.9,89.2,90.4,90.4,28.67,19.64,43,7.6
SZ300500,启迪设计,21.8,19.2,19.2,19.2,16.36,34.97,96.86,14.98
SH600491,龙元建设,32.7,21.9,21.2,18.8,12.16,24.82,82.45,7.84
SH603500,祥和实业,92.2,92.2,92.2,92.2,48.98,31.25,87.87,19.11
SH600881,亚泰集团,59.2,40.5,67.1,83.9,76.38,46.58,290.06,10.94
SH600048,保利地产,9.3,5.5,13.9,10.4,6.83,16.45,147.21,4.68
SH600870,ST厦华,1,1,1,1,1615.54,188.73,1525.14,16.55
SH600563,法拉电子,99.2,99.5,99.7,97.6,42.86,25.64,51.24,9.69
SZ002399,海普瑞,24.2,16.1,23,23,26.9,54.83,176.01,21.68
SH601009,南京银行,61.2,40.7,37.7,30.5,6.25,9.46,33.42,4.83
SZ000806,*ST银河,1,1,1,1,1.87,550.1,8130.31,9.82
SH600688,上海石化,1,1,1,1,358.16,50.07,1681.55,3.64
SZ002419,天虹股份,88.2,90.7,85.6,85.6,25.43,18.46,39.35,7.54
SZ300525,博思软件,78.2,73.9,73.9,73.9,93.72,82.35,161.8,48.16
SZ300652,雷迪克,99,99,99,99,41.75,25.95,45.32,18.96
SH600466,蓝光发展,1.9,1.3,0.8,0.5,4.33,76.52,1366.26,4.21
SZ002250,联化科技,73.7,83.2,91.2,92.4,304.17,100.19,1972.26,16.77
SZ002453,华软科技,1,1,1,1,8.58,135.59,561.44,23.01
SZ002042,华孚时尚,1,1,1,1,79.34,67.21,1690.5,8.53
SH600090,*ST济堂,1,1,1,1,8.74,105.17,1855.35,9.34
SH600555,*ST海创,1,1,1,1,9.93,230.65,6549.59,14.66
SH601567,三星医疗,27.5,18,11.6,11.6,10.33,19.09,73.14,8.81
SZ002315,焦点科技,91.9,83.9,87.2,83.9,72.23,51.34,150.64,20.89
SH603055,台华新材,92.3,92.3,92.3,92.3,59.31,25.69,75.03,12.91
SZ300353,东土科技,1,1,1,1,9.27,107.9,474.53,21.86
SH600871,石化油服,5.5,4.7,21.6,31.8,48.06,244.26,3084.75,16.62
SH600648,外高桥,81.3,70,59.5,32.7,33.49,154.39,2282.71,13.96
SH601166,兴业银行,58.9,54.7,55.3,45.1,5.95,7.15,23.88,3.97
SH603007,花王股份,98.3,98,98,98,80.8,36.26,90.3,14.09
SH600372,中航电子,21.6,14.7,9.1,13.4,44.53,81.07,535.67,30.01
SZ300153,科泰电源,94.5,96.8,98.4,98.4,310.01,119.73,593.09,27.26
SH601928,凤凰传媒,20.5,13.5,9.2,9.2,13.52,21.17,53.41,11.68
SH900910,海立B股,91.5,62.7,50.8,65.3,18.13,20.03,139.35,0.25
SZ000778,新兴铸管,52.6,35.2,29.5,22.4,9.56,18.31,75.29,5.36
SH600820,隧道股份,16.5,11.2,9.9,4.6,8.98,25.66,72.59,7.38
SZ002496,*ST辉丰,1,1,1,1,28.33,34.95,74.74,8.11
SZ300396,迪瑞医疗,62.8,40.4,38.3,38.3,26.83,36.22,81.75,17.25
SZ002749,国光股份,64.9,46.8,46.8,46.8,24.98,27.64,55.18,15.7
SZ002729,好利来,98.1,72.2,73.1,73.1,176.58,147.18,277.1,57.54
SH601018,宁波港,53.4,35.4,53.2,53.2,18.74,20.42,57.55,9.95
SZ300654,世纪天鸿,20.3,20.3,20.3,20.3,52.79,62.79,123.75,49.03
SH600000,浦发银行,5.7,3.4,19.3,9.7,4.98,16.82,67.17,3.89
SZ300434,金石亚药,82.3,58.6,58.6,58.6,50.34,92.78,308.28,18.46
SH600104,上汽集团,99.8,99.9,99.9,61.7,15.09,59.74,3011.58,5.47
SZ000927,*ST夏利,1,1,1,1,13.96,202.54,5156.19,13.58
SZ000009,中国宝安,56.3,55.3,56.5,44.7,33.5,150.64,2290.19,11.22
SZ002206,海利得,87.6,58.7,40.2,35.3,20.48,26.04,62.87,12.11
SH603598,引力传媒,1,1,1,1,19.21,98.69,281.05,22.72
SZ002678,珠江钢琴,92.3,70.8,71.1,71.1,80.45,68.56,195.65,29.55
SH600725,ST云维,10.5,23.3,43.7,69.3,126.46,106.38,691.22,1.15
SZ002966,苏州银行,2.8,2.8,2.8,2.8,9.89,11.07,13.25,9.74
SZ000502,绿景控股,1,1,1,1,97.82,166.67,1364.48,12.21
SZ002864,盘龙药业,10.5,10.5,10.5,10.5,30.41,39.46,131.2,27.98
SZ000668,荣丰控股,1,1,1,1,48.97,100.56,1494.5,9.43
SH603779,ST威龙,1,1,1,1,10.15,56.68,82.46,42.16
SH600516,方大炭素,99.8,70.3,66,61.2,50.01,87.06,1217.3,4.83
SH600782,新钢股份,83.8,55.2,36.4,14.4,5.21,53.54,446.68,2.41
SH601857,中国石油,1,1,1,1,59.38,34.86,236.5,10.47
SH600025,华能水电,61.3,61.3,61.3,61.3,18.02,16.02,35.12,7.37
SZ000519,中兵红箭,60.1,42.7,43.6,30.5,44.23,248.86,3262.99,12.66
SH603131,上海沪工,52.6,55,55,55,61.92,65.6,124.16,42.81
SZ002055,得润电子,1,1,1,1,17.24,68.65,321.06,11.69
SZ000700,模塑科技,1,1,1,1,232.83,48.01,388.69,7.21
SZ300399,京天利,68.7,38.9,37,37,105.95,159.98,472.53,61.21
SZ002955,鸿合科技,31.2,31.2,31.2,31.2,36.08,35.96,41.26,26.65
SH600018,上港集团,60.6,36.1,22.5,17.2,12.28,20.19,84.58,8.27
SZ002414,高德红外,6.7,4.5,21.9,21.9,74.27,157.37,537.17,36.7
SZ002044,美年健康,1,1,1,1,28.32,95.56,787.44,18.61
SH600072,中船科技,35.3,24.4,16.2,39.9,95.76,684.75,17969.6,19.04
SH600064,南京高科,0.6,0.3,0.2,0.1,5.76,26.12,137.56,5.65
SZ300329,海伦钢琴,97.7,65.4,61.2,61.2,67.57,75.62,275.36,27.77
SZ300093,金刚玻璃,1,1,1,1,17.83,207.92,1395.2,27.25
SH600596,新安股份,100,97.3,71.2,75,40.21,43.36,1120.23,4.39
SH603555,*ST贵人,1,1,1,1,1.06,74.31,211.76,26.46
SZ002783,凯龙股份,92.8,94.8,94.8,94.8,239,82.63,578.47,17.56
SZ000402,金融街,67.4,45.3,38.8,17.5,7.75,37.16,383.93,5.2
SH600929,雪天盐业,63,63,63,63,45.56,44.39,59.96,33.45
SZ002191,劲嘉股份,20,13.3,24.1,19.9,16.87,21.73,39.75,11.72
SH600815,*ST厦工,1,1,1,1,7.32,60.24,1407.48,9.01
SH600647,同达创业,97.7,99.2,94.6,93.5,881.56,235.45,2817.41,7
SZ200012,南玻B,5.5,3.7,18.1,37.7,9.38,13.34,56.62,2.09
SZ300333,兆日科技,99.6,99.7,99.8,99.8,1974.64,271.37,2219.36,20.9
SZ000155,川能动力,92.7,92.7,85.7,61.5,38.53,40.22,746.63,7.24
SH601169,北京银行,20.5,13.6,9.5,7.7,5.01,8.59,32.1,4.63
SH600486,扬农化工,88.3,81.7,77.9,63.5,25.68,25.3,89.29,9.1
SH601077,渝农商行,1.9,1.9,1.9,1.9,5.5,6.15,7.13,5.44
SZ002142,宁波银行,92.8,95.2,93,78.2,13.68,11.66,38.8,4.94
SH600998,九州通,0.7,0.5,0.3,0.3,12,35.7,98.26,11.61
SH600532,宏达矿业,14.6,9.7,34.1,19.3,24.88,71.41,412.59,12.48
SZ000780,*ST平能,1,1,1,1,64.05,84.86,1536.13,6.79
SH600599,*ST熊猫,1,1,1,1,15.51,219.52,3373.74,22.45
SH601998,中信银行,21.9,14.6,20.4,16.9,5.53,8.52,35.6,4.61
SZ000968,蓝焰控股,99.9,99.6,63.6,54.6,27.2,33.58,124.52,4.43
SH601158,重庆水务,19.1,12.7,19.7,19.7,14.63,20.21,47.16,11.64
SZ200488,晨鸣B,21.9,14.6,8,26.2,4.03,9.3,55.78,1.69
SH603717,天域生态,98.7,98.7,98.7,98.7,378.47,45.07,385.81,15.17
SZ300029,ST天龙,1,1,1,1,12.8,49.57,143.6,12.68
SH600016,民生银行,30.9,18.4,16.8,8.8,4.96,15.24,77.57,4.42
SH603612,索通发展,80.4,80.4,80.4,80.4,37.77,34.7,63.29,8.21
SZ300270,中威电子,1,1,1,1,24.68,86.44,388.07,31.08
SH600309,万华化学,100,100,99.5,90.3,35.57,22.45,70.83,4.16
SZ000552,靖远煤电,74.8,49.7,30,17.2,12.24,47.16,450.96,8.52
SZ300276,三丰智能,75.1,50.5,47.4,47.4,50.94,161.36,647.05,16.81
SZ300305,裕兴股份,46.2,30.5,26.1,26.1,29.48,37.31,85.98,17.79
SH600565,迪马股份,28.5,19,10.7,6.3,6.13,47.3,460.09,4.64
SH600822,上海物贸,43.2,37.9,47.6,52.9,113.39,204.41,1610.43,15.54
SH600623,华谊集团,82.6,86.7,86,84.9,89.97,120.71,3249.55,8.63
SH600530,*ST交昂,1,1,1,1,19.86,68.1,759.27,16.48
SH600757,长江传媒,4.6,3.1,10.7,9.4,8.51,38.8,254.75,2.73
SZ002585,双星新材,17.3,11.6,13.2,13.2,22.39,47.09,155.68,14.98
SH600153,建发股份,2.4,1.6,0.9,0.4,4.34,16.68,68.43,3.98
SZ002331,皖通科技,41.5,27.9,34,34,35.08,49.8,267.48,20.93
SH603197,保隆科技,44.5,44.5,44.5,44.5,26.16,27.34,44.2,15.99
SH603990,麦迪科技,99.8,99.8,99.8,99.8,229.35,93.83,230.23,47.57
SH600212,*ST江泉,1,1,1,1,13.6,144.5,1375.86,26.03
SH600358,*ST联合,1,1,1,1,9.64,603.18,9667.05,35.16
SZ002616,长青集团,0.4,0.3,0.2,0.2,17.55,51.86,140.87,17.27
SH600685,中船防务,10.1,4.6,2.1,4.4,11.38,154.14,2058.66,5.23
SH600528,中铁工业,0.5,0.3,4.4,2.5,11.54,42.06,296.25,9.51
SH603838,四通股份,1,1,1,1,218.3,70.12,201.58,34.61
SH603668,天马科技,70.9,70.9,70.9,70.9,46.31,41.32,78.43,22.64
SZ002677,浙江美大,68.4,45.3,43.6,43.6,25.18,32.11,84.44,15.2
SH603315,福鞍股份,20.3,13.9,13.9,13.9,33.46,173.88,1045.61,22.41
SZ002757,南兴股份,27.2,19.3,19.3,19.3,21.46,40.96,115.91,15.89
SZ000619,海螺型材,1.3,34.6,66.6,79.4,65.84,111.87,4004.2,11.14
SZ300658,延江股份,0.3,0.3,0.3,0.3,13.76,35.55,83.46,13.35
SZ000718,苏宁环球,11,7.4,4.3,2.3,7.44,39.38,531.67,5.91
SZ002026,山东威达,1,1,1,1,94.28,31.15,107.61,11.07
SZ002766,*ST索菱,92.8,81.6,81.6,81.6,98.01,61.84,203.72,16.62
SZ000066,中国长城,88.9,64.1,55.7,68.1,69.87,94.7,1089.12,6.59
SH600170,上海建工,19.4,13.3,7.5,3.7,8.44,20.24,48.39,6.96
SH600855,航天长峰,5,3.3,4.4,6.7,40.23,304.46,3789.48,32
SZ000068,华控赛格,98.6,99.2,99.4,99.8,4270.22,329.2,4339.32,10
SZ300498,温氏股份,0.4,0.3,0.3,0.3,7.08,30.53,107.17,7.04
SH601988,中国银行,15.1,10.3,18.9,14.2,5.42,9.33,36.29,4.37
SH600346,恒力石化,13.7,10,7.4,3.4,11.33,449.71,12223.8,7.86
SH600609,金杯汽车,80.7,73,69,81.6,110.67,79.6,659.91,4.89
SZ002572,索菲亚,81.8,55.1,36.2,36.2,26.49,32.85,62.23,13.62
SZ300427,红相股份,77.2,55.3,55.3,55.3,34.7,43.02,108.33,13.31
SH603788,宁波高发,51.6,36.8,36.8,36.8,21.84,26.23,55.54,11.7
SH603970,中农立华,61.5,61.5,61.5,61.5,23.94,23.24,37.29,17.82
SZ300510,金冠股份,1,1,1,1,4.43,55.76,132.87,24.68
SZ300636,同和药业,56,56,56,56,61.56,55.88,92.06,25.38
SZ300080,易成新能,77.9,39.8,22.6,22.6,19.86,113.02,771.35,14.24
SH603686,龙马环卫,34.9,24.9,24.9,24.9,20.62,30.68,65.79,11.27
SH601877,正泰电器,77.4,68.6,58.4,58.4,17.55,17.54,32.87,11.4
SZ002614,奥佳华,53.5,35.1,23.8,23.8,22.31,41.56,123.43,14.19
SZ000056,皇庭国际,1,1,1,1,100.45,205.38,1837.03,1.23
SZ002742,三圣股份,79.4,54.6,54.6,54.6,31.44,33.43,69.36,18.76
SZ002162,悦心健康,1.5,1.1,0.8,9.5,60.61,195.79,1039.45,23.32
SZ002479,富春环保,48.1,32,19.2,19.2,21.65,36.43,110.53,13.49
SZ002278,神开股份,71.6,63.1,79.2,80,89.37,72.34,382.54,28.57
SH603556,海兴电力,30.9,28.9,28.9,28.9,16.05,19.06,32.17,11.95
SH600665,天地源,72.3,49.3,30.9,14.2,9.65,111.31,1011.56,6.03
SZ000671,阳光城,16.5,11.1,7.9,3.9,6.97,54,1148.32,5.38
SZ002051,中工国际,98.9,88.9,57.8,48.6,20.05,21.84,62.92,7.44
SH900902,市北B股,16.7,12,24.4,41.4,17.75,152.97,5178.3,0.63
SH600959,江苏有线,93.4,95.3,95.3,95.3,86.84,45.6,96.06,20.92
SH600241,*ST时万,1,1,1,1,3.65,95.13,554.52,17.35
SH603322,超讯通信,99.3,99.4,99.4,99.4,3330.53,243.72,3380.24,84.42
SH600310,桂东电力,1,1,1,1,49.8,42.01,221.99,8.55
SZ300001,特锐德,59.9,49.3,69.1,70.1,99.21,73.62,215.29,20.13
SZ300521,爱司凯,1,1,1,1,255.13,275.37,2841.97,38.6
SH600774,汉商集团,1,1,1,1,86.2,142.37,867.61,10.57
SZ002146,荣盛发展,2.6,1.7,1,0.8,3.64,12.49,55.76,3.35
SZ000576,广东甘化,1.1,0.7,0.5,0.2,6.51,204.27,3868.73,6.2
SH600824,益民集团,92,94.8,97.2,98.8,223.41,42.14,291.85,9.9
SH600869,智慧能源,1,1,1,1,87.52,497.71,14057.7,11.13
SZ002717,岭南股份,85.1,70.4,66.9,66.9,46.92,35.28,113.27,9.19
SZ000967,盈峰环境,49.6,32.1,27.6,19.1,20.81,67.77,524.88,10.73
SZ000909,数源科技,84.7,56.8,68.5,42.5,109.44,231.09,1903.48,19.04
SH600719,大连热电,90.2,89.8,93.4,97.6,491.92,123.18,1023.88,19.54
SH601997,贵阳银行,22.1,19.3,19.3,19.3,4.38,5.94,10.05,3.81
SZ000862,银星能源,1.6,11.9,33.3,47,79.53,142.31,1134.9,23.55
SH603192,汇得科技,97.1,97.1,97.1,97.1,27.3,23.85,29.12,19.15
SZ300052,中青宝,80,63.3,41.4,41.4,185.51,107.44,531.5,31.44
SH600671,*ST目药,19.2,15.7,10.6,3.3,26.19,406.89,4331.06,15.26
SH600593,大连圣亚,1,1,1,1,57.91,120.39,618.34,29.16
SH601989,中国重工,1,1,1,1,162.78,165.68,1618.15,14.44
SZ000833,粤桂股份,95.6,97.1,98,99,1145.76,115.3,1284.94,15.08
SH600236,桂冠电力,85.2,81.2,61.9,32.5,18.68,34.39,414.8,8.76
SH600896,览海医疗,1,1,1,1,22.02,90.49,3767.48,6.31
SZ002825,纳尔股份,0.8,0.8,0.8,0.8,30.23,44.93,79.9,28.79
SZ300545,联得装备,64.9,60.6,60.6,60.6,57.96,56.43,130.95,27.61
SZ002780,三夫户外,1,1,1,1,71.75,365.07,790.06,72.22
SZ002336,ST人乐,1,1,1,1,11.76,143.76,608.68,22.97
SZ300174,元力股份,45.8,30.6,34.9,34.9,69.9,124.75,451.96,23.09
SH603076,乐惠国际,99.7,99.7,99.7,99.7,1328.16,47.31,1411.79,22.77
SH601658,邮储银行,35.4,35.4,35.4,35.4,6.99,7.17,7.55,6.79
SZ200054,建车B,1,1,1,1,4.07,44.17,226.75,1.69
SZ002508,老板电器,88.8,59.9,51.5,51.5,24.6,24.15,39.91,11.85
SH601179,中国西电,84.2,89.4,88.1,88.1,68.64,44.6,182.14,20.08
SZ300509,新美星,91,92.1,92.1,92.1,71.89,45.44,92.58,24.27
SZ200025,特力B,7.5,5,3.1,16.4,8.38,132.22,3031.93,0.28
SH603355,莱克电气,80.8,58.3,58.3,58.3,29.84,29.16,49.84,16.59
SH601869,长飞光纤,77.4,77.4,77.4,77.4,34.91,28.4,48.6,17.52
SH603366,日出东方,1.6,42,55.5,55.5,38.88,49.23,255.63,13.23
SH601811,新华文轩,0.6,0.5,0.5,0.5,10.83,16.55,41.77,10.75
SZ000665,湖北广电,1,1,1,1,40.73,94.84,2343.24,12.91
SH603179,新泉股份,91.5,91.5,91.5,91.5,47.82,23.06,56.25,10.29
SZ002927,泰永长征,12.3,12.3,12.3,12.3,38.76,43.12,54.57,33.67
SH600642,申能股份,20.8,27.7,28.5,17.8,12.36,19.64,69.59,7.52
SZ002808,恒久科技,88.4,89.8,89.8,89.8,125.67,90.66,171.22,50.82
SZ300758,七彩化学,49.2,49.2,49.2,49.2,33.89,33.51,54.09,22.88
SH603056,德邦股份,37,37,37,37,27.12,31.56,51.59,20.28
SH600649,城投控股,89.5,93.1,96.1,83,37.23,26.25,79.68,7.55
SH601766,中国中车,11.2,7.4,11.5,10.2,14.93,25.89,160.33,12.29
SH600366,宁波韵升,57.7,69.3,77.7,74.5,44.46,37.37,158.4,9.05
SH603081,大丰实业,17.8,17.8,17.8,17.8,19.04,22.63,49,15.43
SH600350,山东高速,82.5,88.1,83.2,49.1,12.77,15.11,38.5,5.26
SZ002902,铭普光磁,80.5,80.5,80.5,80.5,303.95,430.91,4043.94,44.25
SH601200,上海环境,24.3,24.3,24.3,24.3,18.07,19.69,28.11,15.96
SH600066,宇通客车,99.9,99.9,100,99,52.15,18.64,60.8,6.16
SH601298,青岛港,69.7,69.7,69.7,69.7,10.37,10.19,12.4,9.35
SH600823,世茂股份,91.9,94.4,82,46.6,11.47,55.56,1370.12,5.4
SZ002756,永兴材料,95.8,69,69,69,30.74,23.54,47.06,10.11
SH600057,厦门象屿,49.7,29.6,17.2,22.2,10.63,35.59,212.12,5.59
SZ000605,渤海股份,72.3,48.3,33.4,30.7,71.22,412.26,6224.19,14.42
SH600299,安迪苏,49.8,66.2,50.5,47.2,28.94,44.95,1138.94,4.24
SZ300608,思特奇,92.9,92.9,92.9,92.9,42.87,31.58,52.05,23.6
SH600874,创业环保,3.7,2.5,1.4,5.2,17.61,207.74,7742.68,10.53
SZ300802,矩子科技,38.3,38.3,38.3,38.3,81.56,82.44,94.71,51.48
SZ300230,永利股份,99.6,66.3,60,60,26.84,29.74,97.23,7.73
SZ001965,招商公路,98.8,98.8,98.8,98.8,24.35,14.41,24.56,9.9
SH601126,四方股份,91.7,90.3,82.7,82.7,30.06,25.25,64.84,14.97
SH601006,大秦铁路,84.9,68.4,56.1,42.5,9.18,14.06,69.54,6.79
SZ002598,山东章鼓,27.7,18.5,19.3,19.3,23.85,37.08,83.14,16.62
SH603519,立霸股份,85,60.6,60.6,60.6,33.53,36.6,87,15.53
SH600120,浙江东方,48.4,45.1,53.3,35.3,18.61,29.04,79.2,8.4
SZ002941,新疆交建,1.4,1.4,1.4,1.4,30.13,105.53,204.66,29.59
SH603032,德新交运,1,1,1,1,3978.86,256.41,794.11,10.14
SH600271,航天信息,54.1,58.8,71.2,69.8,31.31,27.89,78.3,9.03
SH600694,大商股份,71.5,48.3,48.8,22.6,12.52,67.99,2996.46,6.16
SZ002444,巨星科技,92.3,62,61.5,61.5,24.42,23.53,56.75,11.2
SH600619,海立股份,93.6,63.6,51.8,56.3,38.23,86.82,1837.16,6.5
SH600460,士兰微,99.9,96.8,98.4,98.9,2460.39,6793.94,661425,18.23
SZ000099,中信海直,30.6,20.3,12.8,11.4,23.23,40.28,96.97,16.06
SH601229,上海银行,24.4,22.3,22.3,22.3,5.89,7.07,11.23,5.58
SZ000989,九芝堂,58.3,58.3,66.4,62.6,31.22,32.98,164.7,7.74
SZ000553,安道麦A,1,1,1,1,173.81,86.37,738.94,6.11
SZ002871,伟隆股份,65.5,65.5,65.5,65.5,37.72,36.49,55.95,26.83
SZ000628,高新发展,0.3,0.2,0.1,0.1,15.82,207.57,2235.26,15.62
SZ002398,垒知集团,52,34.7,25.9,25.9,15.74,21.94,63.24,9.92
SZ300160,秀强股份,99.6,66.2,68.8,68.8,60.74,53.66,159.11,15.64
SH603393,新天然气,30.6,28.5,28.5,28.5,18.16,21.07,38.57,11.88
SZ002672,东江环保,62.2,41.5,28.8,28.8,24.52,34.58,98.4,16.62
SH600562,国睿科技,22.9,42.4,32.7,50,84.51,157.79,2006.29,18.84
SH603496,恒为科技,100,100,100,100,1678.35,81.61,1678.35,28.11
SH600107,美尔雅,1,1,1,1,79.01,402.85,7266.26,23.68
SZ002791,坚朗五金,93.1,93.9,93.9,93.9,81.02,38.87,119.48,18.36
SZ002497,雅化集团,89.9,93.3,96.1,96.1,145.58,50.32,232.42,17.13
SZ300680,隆盛科技,62.6,62.6,62.6,62.6,128.21,134.04,280.26,54.82
SZ002227,奥特迅,1,1,1,1,3277.87,294.5,1879.72,47.71
SH600036,招商银行,97.2,98.3,97.6,59.1,11.64,15.42,64.29,4.55
SZ300134,大富科技,1,1,1,1,25.84,145.77,825.24,12.3
SZ002849,威星智能,26.7,26.7,26.7,26.7,27.26,29.94,53.61,22.2
SH603079,圣达生物,0.3,0.3,0.3,0.3,21.48,76.52,183.66,21.34
SH600362,江西铜业,79.3,55.6,70.5,69.3,28.89,37.67,389.04,4.64
SZ002789,建艺集团,99.8,99.8,99.8,99.8,1413.51,127.03,1424.05,17.1
SZ002179,中航光电,97.4,98.2,89.4,90.1,49.6,38.18,84.95,11.47
SH603158,腾龙股份,79.7,61.2,61.2,61.2,34.61,36.66,65.01,25.44
SZ002460,赣锋锂业,84.5,89.6,93.9,93.9,278.53,98.67,798.76,16.26
SH600150,中国船舶,56.5,40,54,75.9,163.77,132.99,1760.49,4.54
SH600729,重庆百货,25,16.8,24.9,11.5,12.76,28.03,94.51,8.55
SZ002230,科大讯飞,10.1,32.5,50,55.9,101.71,104.64,263.89,44.77
SZ300669,沪宁股份,95.6,95.6,95.6,95.6,75.42,52.32,82.08,37.33
SZ002415,海康威视,84.5,85.1,82.8,82.8,35.78,29.29,46.85,17.2
SZ000966,长源电力,70.9,71.9,75.7,42.8,13.42,54.03,2063.08,4.2
SH600282,南钢股份,82.1,68,47.3,36.8,8.51,19.2,116.77,3.22
SZ200512,闽灿坤B,18,11.5,6.6,30.8,5.82,19.34,122.94,0.88
SZ000816,ST慧业,1,1,1,1,5.97,92.77,592.47,17.57
SH601615,明阳智能,80.3,80.3,80.3,80.3,26.05,24.04,30.58,20.19
SH603278,大业股份,84.8,84.8,84.8,84.8,25.47,19.94,39.48,12.8
SH600193,ST创兴,86.9,89.2,91.1,85.6,98.29,79.66,601.48,6.74
SH600500,中化国际,1,1,1,1,236.98,31.04,103.43,5.56
SH600255,*ST梦舟,1,1,1,1,2.43,175.49,1071.51,16.2
SZ002060,粤水电,3.9,2.6,1.4,1,14.58,34.05,100.03,13.57
SH600675,中华企业,62.6,66,71.9,48.9,21.25,26.05,71.28,5.68
SH603169,兰石重装,1,1,1,1,65.96,704.05,1889.72,11.28
SH600068,葛洲坝,69.3,41.3,20.6,9.3,6.86,30.13,339.06,5.03
SZ000031,大悦城,92.4,62.2,58.8,27.8,19.81,65.46,893.8,5.95
SZ000065,北方国际,17,11,5.9,3.1,9.43,53.4,297.44,8.3
SH600290,*ST华仪,1,1,1,1,0.52,127.75,2468.46,15.03
SZ300645,正元智慧,80.9,80.9,80.9,80.9,57.49,48.44,92.31,31.21
SH600795,国电电力,97,98.1,99,99.4,183.15,27.62,194.01,5.05
SH603829,洛凯股份,47.2,47.2,47.2,47.2,32.82,33.84,48.49,24.64
SH900952,锦港B股,25.9,17.3,10,34.7,17.98,29.11,167.96,0.13
SH603789,星光农机,1,1,1,1,41.08,128.57,175.01,79.67
SZ300501,海顺新材,78.5,66.4,66.4,66.4,37.16,36.14,85.03,21.76
SH600017,日照港,11.5,6.9,19,14,12.94,29.08,80.8,8.1
SH600821,*ST劝业,1,1,1,1,90,294.43,1673.43,17.76
SH900911,金桥B股,10.7,7.1,6.7,36.3,6.27,13.18,133.38,0.32
SH600280,*ST中商,1,1,1,1,4.18,68.8,586.21,8.81
SZ300310,宜通世纪,58.7,80.3,88.2,88.2,231.1,117.47,316.34,17.07
SZ300190,维尔利,2.2,1.4,0.9,0.9,16.54,50.08,144.33,15.84
SH600851,海欣股份,26.3,25.6,18.9,50.2,68.91,686.36,33450.2,11.91
SZ000598,兴蓉环境,10.8,7.2,7.8,4,12.6,201.87,20650.3,11.1
SZ002723,金莱特,37.2,34.1,41.5,41.5,113.85,261.24,1237.03,50.94
SZ200570,苏常柴B,22.9,15.2,18,52.7,21.11,20.98,64.44,0.87
SZ002631,德尔未来,94.2,96.1,97.5,97.5,200.06,70.11,226.56,17.96
SZ002957,科瑞技术,8.2,8.2,8.2,8.2,32,42.23,56.08,30.98
SH600361,华联综超,19.3,16.9,9,18.7,26.01,49.84,129.41,12.13
SH600408,ST安泰,48.9,42.8,34.1,16.4,4.8,51.58,1403.34,2.64
SH600740,山西焦化,61.4,53.4,40.7,26.8,22.29,57.22,349.01,6.03
SZ000572,ST海马,30.9,45.2,70.2,59.4,50.44,198.58,3035.32,7.44
SZ300144,宋城演艺,99.9,99.9,100,100,215.89,40.35,217.95,21.17
SZ000060,中金岭南,46.3,31.1,18,20.3,18.19,44.2,304.95,5.44
SZ002668,奥马电器,1,1,1,1,89.5,30.3,103.55,9.94
SH601398,工商银行,20,36.2,41.4,31.2,6.03,9.65,48.68,4.39
SZ002381,双箭股份,1.5,1,0.6,0.6,13.37,33.06,88.15,12.88
SH600888,新疆众和,18.1,13.1,18.1,20.2,25.2,66.85,532.6,11.53
SH601000,唐山港,15.1,10.1,9,9,7.83,12.98,34.27,6.64
SZ001979,招商蛇口,16.7,12.6,12.6,12.6,8.77,13.14,28.15,7.91
SH600968,海油发展,77,77,77,77,21.55,19.99,23.46,17.48
SH601916,浙商银行,36.2,36.2,36.2,36.2,7.01,7.12,7.55,6.58
SH600073,上海梅林,6.7,4,4,2.9,20.96,249.11,2492.26,17.4
SH601939,建设银行,29.7,42.2,48.2,40.1,6.39,7.49,27.21,4.37
SZ200539,粤电力B,0.2,10.2,20.5,44,6.84,24.99,770.68,0.84
SZ002102,ST冠福,67.4,37.1,22.2,16.4,14.17,189.32,2178.95,6.57
SZ002480,新筑股份,1,1,1,1,25.83,262.3,2207.16,15.77
SZ000882,华联股份,1,1,1,1,45.35,117.57,677.77,19.83
SH600325,华发股份,0.9,0.6,0.4,0.2,4.73,16.63,104.19,4.61
SZ002470,*ST金正,1,1,1,1,14.96,46.05,898.42,15.98
SZ002176,*ST江特,1,1,1,1,1.63,127.56,605.63,14.52
SZ300431,暴风退,1,1,1,1,0.06,132.24,255.58,59.66
SZ002052,*ST同洲,1,1,1,1,5.25,59.57,217.75,11.06
SZ000008,神州高铁,100,86.2,67,55,170.4,513.55,3957.54,8.36
SZ300307,慈星股份,1,1,1,1,5.96,113.67,2673.02,14.59
SH603013,亚普股份,52.4,52.4,52.4,52.4,19.87,20.49,33.7,16
SH601992,金隅集团,63.6,42.3,53.8,53.8,12.17,14.21,36.09,7.02
SZ000539,粤电力A,0.5,23.5,33.3,26.5,14.13,61.2,2064.36,5.46
SH600578,京能电力,3.1,25.1,37.4,22.2,13.19,23.22,64.43,5.01
SZ300721,怡达股份,1,1,1,1,305.16,82.43,243.18,27.28
SZ200869,张裕B,46.1,30.6,22.8,42.5,9.88,14.48,62.58,1.7
SH600805,悦达投资,1,1,1,1,9.33,53.39,405.16,5.77
SZ002244,滨江集团,23.6,15.5,19.8,17.2,9.27,16.48,73.8,3.95
SH600717,天津港,66.2,77.5,81.4,45.5,20.54,25.79,89.55,8.28
SZ002512,达华智能,1,1,1,1,26.03,100.21,248.2,40.71
SH600970,中材国际,52.8,34.6,21.8,15,7.99,39.2,417.42,6
SZ200413,东旭B,1,1,1,1,2.26,81.66,1893.42,2.21
SZ002504,弘高创意,1,1,1,1,10.65,67.87,478.15,17.6
SZ002277,友阿股份,93.1,91.9,92.7,90.6,38.82,22.88,48.57,7.45
SZ002319,*ST乐通,1,1,1,1,4.95,993.13,18437.5,42.54
SZ000980,*ST众泰,1,1,1,1,0.28,77.6,1593.81,6.76
SZ002200,ST云投,1,1,1,1,9.54,184.69,1265.96,25.95
SH600010,包钢股份,1,1,1,1,181.13,90.95,1156.41,2.36
SH600939,重庆建工,91.2,91.2,91.2,91.2,29.59,22.29,45.95,12.12
SH603963,大理药业,93,93,93,93,1028.77,255.52,1233.07,87.06
SH600790,轻纺城,45.6,29.9,16.5,8.7,12.47,130.83,6059.63,9.56
SZ002356,*ST赫美,1,1,1,1,0.35,87.52,321.05,23.77
SH603693,江苏新能,1.9,1.9,1.9,1.9,17.75,24.58,33.04,16.9
SZ000809,铁岭新城,1,1,1,1,16.54,160.21,2312.26,5.79
SH600165,新日恒力,1,1,1,1,182.55,177.3,1397.05,24.64
SH600452,涪陵电力,79.2,52.7,36.6,23.5,21.25,55,2998.3,10.17
SZ000573,粤宏远A,92.1,93.4,96.6,82.8,197.27,280.1,6900.41,7.09
SH600021,上海电力,42,34.3,39,30.8,17.25,44.09,616.47,5.92
SH603599,广信股份,70.6,50.2,50.2,50.2,16.87,23.32,59.24,11.24
SH601860,紫金银行,14.7,14.7,14.7,14.7,10.23,10.89,13.35,10.01
SH600579,克劳斯,1,1,1,1,11.96,114.28,688.81,6.95
SH600808,马钢股份,95.6,96.2,66.2,58.9,26.03,99.72,2247.42,3.69
SH600084,ST中葡,1,1,1,1,106.5,183.06,909.39,17.59
SZ000926,福星股份,84.4,56,61.6,40.4,12.27,19.67,78.57,5.37
SH600169,太原重工,1,1,1,1,4.48,111.23,1093.03,10.52
SZ000069,华侨城A,22.3,14.8,8,3.8,4.95,29.66,167.89,3.98
SZ000595,*ST宝实,1,1,1,1,7.14,253.8,2447.35,17.67
SH600917,重庆燃气,21.2,14,13.5,13.5,30.05,37.52,82.77,25.77
SZ000709,河钢股份,52.8,34.2,20.1,25.8,11.63,24.31,292.61,4.04
SH601588,北辰实业,86.1,56.3,40,30.1,15.09,32.7,171.36,5.39
SH600243,*ST海华,1,1,1,1,3.01,147.69,930.64,18.45
SH600317,营口港,31.9,21.8,20.9,17.6,15.01,29.21,94.14,10.81
SZ002110,三钢闽光,78.3,62,38,36.1,5.96,23.58,152.05,2.51
SZ300296,利亚德,99.5,99.7,99.2,99.2,83.37,41.03,95.53,9.98
SZ300288,朗玛信息,92.5,69.2,59.9,59.9,100.5,136.56,933.6,35.99
SH601608,中信重工,0.6,0.5,27.7,27.7,82.62,127.73,509.1,10.97
SZ000709,河钢股份,52.8,34.2,20.1,25.8,11.63,24.31,292.61,4.04
SH601882,海天精工,86.5,80.5,80.5,80.5,66.83,57.96,232.8,33.41
SH600698,ST天雁,2.2,1.2,53.7,54.6,165.75,387.85,3602.9,10.31
SH601106,中国一重,17.5,17.5,44.4,44.4,147.97,205.66,2000.55,35.36
SH600759,洲际油气,1,1,1,1,24.88,200.44,1541.55,6.75
SH600711,盛屯矿业,51.2,37.7,21.5,24.2,36.47,299.56,3721.1,8.79
SZ000557,西部创业,0.6,0.5,7.2,10.2,28.98,611.76,16173.2,8.29
SH600058,五矿发展,0.9,0.8,0.3,23.9,25.21,64.91,633.43,3.89
SZ000903,云内动力,78.9,85.9,87.1,93.5,56.55,30.78,100.46,10.55
SZ002535,*ST林重,1,1,1,1,0.59,78.88,448.9,10.87
SH601019,山东出版,62.6,62.6,62.6,62.6,10.5,10.32,15.8,8.43
SH600652,ST游久,56.7,43,44.5,51.9,73.43,107.06,1086.79,9.1
SH600651,*ST飞乐,1,1,1,1,15.14,85.6,372.97,13.78
SH600469,风神股份,82.4,52,63.3,51.8,19.05,28.03,229.98,9.01
SH600687,*ST刚泰,1,1,1,1,0.46,262.01,8707.7,11.44
SH600115,东方航空,1,1,1,1,10.38,59.01,1056.62,6.74
SZ002310,东方园林,45.1,27.5,13.9,13.3,13.24,60.24,443.09,7.01
SH601933,永辉超市,9.3,6.2,23,23,37.39,45.11,73.15,25.37
SZ300618,寒锐钴业,64.4,64.4,64.4,64.4,96.74,109.08,1010.1,13.89
SZ300679,电连技术,51.8,51.8,51.8,51.8,49.36,44.61,81.51,15.23
SZ300808,久量股份,96.1,96.1,96.1,96.1,96.7,61.54,104.99,52.26
SZ002595,豪迈科技,51.2,34.1,27.9,27.9,19.89,22.95,48.46,14.93
SZ002389,航天彩虹,86.9,69.3,64.6,64.6,101.51,87.12,299.96,30.18
SH601698,中国卫通,22.4,22.4,22.4,22.4,165.76,185.36,238.04,141.48
SZ002028,思源电气,0.6,0.4,9.9,10.9,16.81,26.62,67.54,9.54
SZ300286,安科瑞,99.1,74.3,58.8,58.8,36.17,36.98,101.69,16.59
SZ200581,苏威孚B,7.1,4.7,3.1,30,4.43,11.48,89.89,1.17
SH603458,勘设股份,0.6,0.6,0.6,0.6,7.77,11.54,22.44,7.61
SH600352,浙江龙盛,57.1,37.6,23.8,16.6,10.37,16.76,43.01,5.74
SH600182,S佳通,78.7,82.1,90,79.5,76.8,1146.73,85309.4,11.37
SH600167,联美控股,39,30.6,26,19.9,17.28,159.89,4095.4,9.28
SZ300807,天迈科技,98.3,98.3,98.3,98.3,66.31,45.98,69.42,33.58
SH600062,华润双鹤,26.1,15.6,13.5,6.5,13.24,32.65,276.85,10.92
SZ002674,兴业科技,91.4,69.1,78.3,78.3,71.29,73.8,686.52,14.1
SZ002782,可立克,12.3,9.8,9.8,9.8,49.52,97.91,248.18,39.8
SZ000504,ST生物,3.4,2.2,0.9,34.7,116.36,562.58,7321.48,34.38
SZ002156,通富微电,63.3,77.5,82.5,86.1,148.71,110.25,1524.9,16.63
SH600585,海螺水泥,53.3,35.7,30.9,22,8.41,17.15,78.71,4.35
SZ002855,捷荣技术,59.5,59.5,59.5,59.5,82.44,72.91,113.47,38.29
SH603331,百达精工,80.4,80.4,80.4,80.4,34.28,30.77,44.05,24.52
SZ300493,润欣科技,45.1,49.5,49.5,49.5,137.61,186.26,611.14,50.87
SH603995,甬金股份,48.1,48.1,48.1,48.1,18.09,19.35,26.32,14.53
SZ300124,汇川技术,99.8,99.9,99.9,99.9,102.95,43.98,103.76,21.1
SZ300698,万马科技,1,1,1,1,285.95,695.29,1527.74,129.5
SZ000666,经纬纺机,76.3,48.9,50.4,39.1,16.96,27.94,344.84,7.08
SH601211,国泰君安,10.6,24.9,24.9,24.9,15.07,17.54,27.44,8.45
SH600343,航天动力,1,1,1,1,54.68,175.36,553.02,24.07
SZ000881,中广核技,53.6,41.6,63,48.2,29.47,582.52,40134.2,5.17
SH601900,南方传媒,81.3,70.6,70.6,70.6,14.71,14.26,28.28,9.14
SZ300613,富瀚微,68.9,68.9,68.9,68.9,105.74,126.38,445.17,42.9
SH600171,上海贝岭,37.6,27.7,18.4,17.6,60.89,131.27,666.03,33.74
SH600505,西昌电力,92.4,95.1,97.4,98.4,387.95,57.34,506.4,11.16
SH600483,福能股份,63.5,43.1,24,17.1,12.76,66.07,522.28,9.23
SZ000736,中交地产,85.7,55.3,29.2,15.5,7.7,205.69,9212.43,3.2
SH600697,欧亚集团,98.5,98.7,84.7,46.6,21.99,26.3,92.52,8.76
SZ300446,ST乐凯,99.4,99.6,99.6,99.6,269.66,34.33,317.15,15.29
SZ002795,永和智控,84,72.1,72.1,72.1,58.07,50.89,135.95,28.49
SZ300364,中文在线,1,1,1,1,15.8,199.82,481.49,33.95
SZ002522,浙江众成,0.2,0.1,29.1,29.1,53.49,116.55,750.21,23.6
SZ300095,华伍股份,12,6.6,16.1,16.1,35.92,58.12,144.39,20.35
SH600168,武汉控股,86.1,78.2,54.9,28.1,23.43,37.1,110.46,11.61
SH603926,铁流股份,22.7,22.7,22.7,22.7,17.04,20.48,31.1,13.73
SH603817,海峡环保,12.3,12.3,12.3,12.3,20.93,27,48.33,19.18
SZ000601,韶能股份,100,90.5,69.3,57.9,27.72,32.73,155.7,10.88
SZ002033,丽江股份,90.5,93.7,83.4,80.9,41.96,41.74,382.18,13.67
SZ002300,太阳电缆,0.3,1.9,11.3,11,19.14,28.52,69.04,15.88
SH600126,杭钢股份,77.7,75,73.4,82.7,24.23,20.47,874.61,4.59
SH600232,金鹰股份,0.3,0.2,0.2,30.7,46.43,92.08,526.64,6.8
SH603696,安记食品,55.5,37.9,37.9,37.9,62.15,80.93,139.21,32.69
SH601958,金钼股份,76.2,59.9,53,54.4,79.72,141.14,1378.73,14.29
SH600901,江苏租赁,5.3,5.3,5.3,5.3,9.64,11.46,15.14,9.21
SH600455,博通股份,0.2,0.2,21.9,18.8,70.51,363.44,3315.19,18.21
SH600094,大名城,59.9,49.7,41.1,38.7,21.13,38.51,280.99,6.77
SH600080,ST金花,97.6,95.8,96.1,97,151.89,69.02,213.52,11.31
SZ300025,华星创业,1,1,1,1,9.92,84.02,618.25,25.05
SH600825,新华传媒,83.3,88.8,93.6,97,448.61,124.31,686.69,18.87
SZ002492,恒基达鑫,0.8,0.5,16.5,16.5,28.35,51.99,167.19,20.53
SZ002679,福建金森,100,100,100,100,21774.23,822.08,21774.2,24.3
SZ000600,建投能源,25.4,40.3,47.8,24.1,13.48,80.93,929.78,6.2
SZ002912,中新赛克,3.5,3.5,3.5,3.5,41.5,55.77,90.55,38.47
SZ000559,万向钱潮,99.8,96.7,93.3,93.2,51.04,31.74,97.17,10.83
SZ000639,西王食品,1,1,1,1,7.24,89.17,1144.27,8.79
SZ002088,鲁阳节能,47.6,31.6,17.2,13.6,12.6,29.77,75.84,9.42
SZ000401,冀东水泥,15.9,13.6,6.7,2.6,9.08,48.38,984.47,7.22
SZ002958,青农商行,35.7,35.7,35.7,35.7,9.09,9.89,14.17,8.11
SZ000652,泰达股份,60.8,43.6,28.8,13.1,21.61,70.61,8203.23,11.73
SZ000933,神火股份,1,1,1,1,14.9,163.37,5093.37,3.04
SZ002466,天齐锂业,1,1,1,1,4.89,119.25,1640.9,12.69
SH603059,倍加洁,81.7,81.7,81.7,81.7,30.17,26.13,38.38,21.78
SH603188,ST亚邦,1,1,1,1,6.95,20,94.44,11.04
SZ002284,亚太股份,1,1,1,1,68.62,51.41,498.11,18.03
SH601801,皖新传媒,62.3,41.5,24,24,16.98,22.92,51.41,9.99
SH603225,新凤鸣,99.9,99.9,99.9,99.9,28.12,12.2,28.2,6.85
SH600712,南宁百货,1,1,1,1,53.06,174.96,2309.88,18.49
SH603716,塞力斯,100,94.1,94.1,94.1,64.13,42.82,93.75,25.9
SZ002478,常宝股份,33.3,22.1,12.9,12.9,9.41,21.5,62.73,7.55
SZ000678,襄阳轴承,1,1,1,1,115.62,133.72,1229.15,18.75
SH900943,开开B股,86.3,57.5,62.9,76.6,53.9,74.39,3138.03,0.23
SH601727,上海电气,6.6,4.4,19.5,18.2,21.18,34.73,126.42,13.78
SZ000498,山东路桥,28.4,18.9,13.3,8.1,7.87,74.27,1190.09,6.53
SH600348,阳泉煤业,81.7,57.1,28.1,22.4,9.79,30.07,656.97,4.83
SH600800,天津磁卡,98.7,99.1,93.6,96.3,478.48,115.42,1240,13.64
SH603323,苏农银行,5.3,5,5,5,8.93,12.55,25.64,8.51
SZ000899,赣能股份,42.1,51.9,61,25.8,19.85,51.47,301.3,7
SZ002860,星帅尔,11.7,11.7,11.7,11.7,19.85,23.03,35.44,17.49
SZ300711,广哈通信,43.2,43.2,43.2,43.2,114.71,143.58,278.69,48.27
SH600655,豫园股份,29.7,19.7,14.8,7.8,9.96,29.84,95.83,6.86
SH603036,如通股份,4.2,4.1,4.1,4.1,28.05,60.39,138.87,26.73
SH600836,*ST界龙,1.9,1.1,0.4,0.2,16.01,421.26,6832.77,15.51
SZ000785,居然之家,42.8,34,17.1,8.3,15.74,113.83,1696.05,3.76
SZ000739,普洛药业,67.8,57.5,48.4,43.5,33.13,70.72,613.79,10.91
SH600629,华建集团,8.9,5.8,3.4,2.3,14.82,146.6,3567.95,13.59
SH603328,依顿电子,82.7,54.7,49.8,49.8,22.04,23,56.78,13.41
SH603580,艾艾精工,67.4,67.4,67.4,67.4,49.93,49.06,78.23,36.38
SH600202,哈空调,58.4,57.7,26,43.6,37.88,88.5,1197.36,6.54
SH600626,申达股份,1,1,1,1,8.34,32.61,277.66,9.71
SH603566,普莱柯,52.2,60,60,60,50.69,46.97,69.92,26.85
SH601128,常熟银行,23.6,21.9,21.9,21.9,10.48,12.87,29.37,8.86
SH600583,海油工程,0.3,31.6,43.1,41.2,25.78,73.63,866.01,6.99
SH601598,中国外运,90,90,90,90,11.9,10.23,13.11,8.45
SZ000010,美丽生态,18.5,9,5.1,20,116.3,525.32,5312.56,30.76
SH600707,彩虹股份,1,1,1,1,16.77,2335.54,119207,6.73
SZ000928,中钢国际,1,0.7,0.5,0.3,9.47,328.41,3471.78,9.33
SH600683,京投发展,86.1,81.1,78,44.5,31.96,81.58,565.12,6.38
SZ002178,延华智能,74.1,66.7,69,69.8,98.15,109.05,692.24,19.63
SZ000633,合金投资,53.4,62.6,45,62.7,130.45,915.51,39696.1,18.56
SZ000732,泰禾集团,1,1,1,1,3.98,48.79,314,3.39
SZ300397,天和防务,17,13.1,11.7,11.7,84.55,247.03,848.2,60.62
SH600995,文山电力,90.5,60.6,46.4,35.1,18.28,26.78,69.76,9.39
SH603626,科森科技,1,1,1,1,184.49,40.49,188.59,14.21
SH600499,科达制造,100,100,100,100,346.29,40.73,346.29,11.7
SH600551,时代出版,82,62.3,53.6,38.6,21.72,71.91,671.58,10.45
SZ002170,芭田股份,16.8,50.5,73.4,76.7,89.11,71.36,314.78,11.19
SH600689,上海三毛,1,1,1,1,113.47,113.7,1357.51,7.38
SZ000737,ST南风,71,55.6,53.5,36.2,42.55,70.33,444.65,3.19
SZ002327,富安娜,67.2,45,24.7,24.2,13.24,21.17,61.63,10.83
SZ300487,蓝晓科技,80.3,66.5,66.5,66.5,53.8,49.36,104,18.96
SZ002531,天顺风能,4.7,3.1,1.8,1.8,13.09,26.69,86.99,11.62
SH600811,东方集团,55.1,38.3,56.9,37.7,23.56,33.76,272.71,7.32
SZ300779,惠城环保,81.5,81.5,81.5,81.5,101.06,90.77,113.98,75.78
SZ002719,*ST麦趣,1,1,1,1,17.46,163.08,651.83,57.53
SZ002465,海格通信,40.9,50.4,59.9,59.9,51.63,51.11,109.27,29.42
SH600297,广汇汽车,86.8,70.9,40.6,22.2,18.06,101.57,2694.28,8
SZ002159,三特索道,1,1,1,1,26.45,123.25,2108.85,16.04
SH601218,吉鑫科技,0.1,0.1,0.1,0.1,17.55,130.47,989.2,17.55
SH600894,广日股份,28.8,52.4,52.4,30.9,15.73,44.91,357.35,5.23
SH600497,驰宏锌锗,48.5,36.7,26.6,42.3,32.09,383.48,26053,6.23
SZ300616,尚品宅配,89.6,89.6,89.6,89.6,51.9,34.88,64.56,22.82
SH600163,中闽能源,20.5,14.8,11.9,5.7,22.51,92.42,1052.21,15.5
SH600539,ST狮头,1,1,1,1,86.54,225.29,2448.08,23.19
SH600172,黄河旋风,1,1,1,1,60.27,46.99,132.69,10.87
SZ000667,美好置业,1,1,1,1,58.98,132.93,2439.04,8.71
SZ300632,光莆股份,99.2,99.2,99.2,99.2,47.66,26.39,49.04,18.11
SZ300575,中旗股份,69.2,64.4,64.4,64.4,27.07,25.28,61.07,12.1
SH600503,华丽家族,5.5,3.1,12.6,9.5,18.58,313.89,5558.85,6.22
SZ000825,太钢不锈,89.5,84.6,44.2,38.8,13.21,20.04,224.72,3.61
SH603326,我乐家居,19.3,19.3,19.3,19.3,22.82,26.16,36.96,18.81
SH600399,ST抚钢,100,67.3,27,24.5,53.93,145.46,641.09,1.87
SZ000791,甘肃电投,69.8,59.6,37.8,18.7,11.75,325.16,16104.4,6.36
SH600699,均胜电子,1,1,1,1,283.61,130.07,1887.07,11.03
SZ002578,闽发铝业,1.7,1.1,25.3,25.3,53.29,125.22,582.67,26.62
SH600208,新湖中宝,62.9,48.4,33.7,17,10.01,141.09,4200.92,5.09
SH600208,新湖中宝,62.9,48.4,33.7,17,10.01,141.09,4200.92,5.09
SZ000761,本钢板材,92.1,84.2,62.2,79.4,35.16,30.2,408.9,2.9
SZ002482,广田集团,91.4,94.4,96.8,96.8,250.35,258.87,8273.56,9.62
SH601107,四川成渝,95.9,97.3,98.6,98.6,120.16,15.45,135.18,6.52
SH600128,弘业股份,23.4,7.8,6.5,3.3,25.93,62.29,353.01,22.21
SZ200020,深华发B,0.4,9.9,26.7,53.3,118.35,310.7,5428.54,1.13
SH600433,冠豪高新,14.4,9.2,4.9,3.4,24.62,97.6,691.68,21.43
SZ002275,桂林三金,82,55.2,33,31.7,22.53,26.01,51.22,15.19
SH600392,盛和资源,1,1,1,1,1390.73,103.2,2476.24,11.53
SH600269,赣粤高速,82.2,88.2,93.5,96.5,38.93,35.44,1360.63,5.58
SZ002621,美吉姆,0.8,0.5,20.1,20.1,42.91,236.2,1640.94,22.16
SZ000429,粤高速A,99.7,99.6,93.5,80.5,28.57,22.61,83.58,8.63
SH600980,北矿科技,53.9,38.2,28.3,34.6,52.09,379.55,7751.11,24.1
SH601616,广电电气,5.3,4.5,2.1,2.1,15.3,76.27,335.94,13.67
SZ300440,运达科技,25.4,17.9,17.9,17.9,29.43,36.99,61.16,22.79
SH603577,汇金通,4.7,4.4,4.4,4.4,27.43,49.14,104.52,28.28
SH600664,哈药股份,1,1,1,1,35.4,128.91,4227.15,9.71
SH600260,凯乐科技,83.1,56.7,32.9,27.5,21.55,50.16,901.56,10.23
SH600801,华新水泥,75,53.4,36.1,20.9,9.51,51.57,547.46,4.61
SZ000516,国际医学,1,1,1,1,20.86,39.94,164.89,3.8
SH600370,三房巷,96.1,95.1,94.7,96.5,243.49,74.1,491.64,10.25
SZ002639,雪人股份,1,1,1,1,104.42,476.36,5956.38,18.13
SH603886,元祖股份,26.7,25.2,25.2,25.2,16.8,20.68,49.17,13.35
SZ002818,富森美,68.5,64.5,64.5,64.5,15.55,15.43,39.27,10.78
SZ000905,厦门港务,11.6,38.8,61.7,62.8,40.65,43.36,221.26,10.21
SH601008,连云港,16.8,33,63.6,70.8,369.07,341.79,2468.63,14.55
SH603578,三星新材,65.6,65.6,65.6,65.6,32.25,31.61,51.85,24.37
SH601619,嘉泽新能,30.1,30.1,30.1,30.1,25.82,36.8,119.22,20.39
SZ002771,真视通,75.9,67.5,67.5,67.5,84.59,71.97,147.45,28.9
SH600679,上海凤凰,18.5,11.3,6.1,6.6,84.6,801.08,7900.13,35.96
SH601828,美凯龙,100,100,100,100,15.23,9.94,15.23,7.31
SZ000759,中百集团,67.4,62.3,82.9,89.9,105.75,546.76,15097.2,8.79
SZ000830,鲁西化工,84.1,54.9,29.5,19.4,12.13,27.25,82.25,4.41
SH600767,ST运盛,1,1,1,1,28.03,269.52,1600.39,20.7
SH603637,镇海股份,0.5,0.5,0.5,0.5,35.38,50.54,74.15,35.13
SZ000711,京蓝科技,1,1,1,1,2.17,191.72,3959.78,8.1
SZ000692,惠天热电,1,1,1,1,12.07,90.31,810.21,13.08
SZ000150,宜华健康,1,1,1,1,1.44,247.09,3999.66,6.77
SZ300202,聚龙股份,93.9,96.6,98.1,98.1,232.39,72.71,281.47,24.76
SZ002040,南京港,61.5,39.7,21.2,17.8,25.34,103.07,646.08,17.71
SH600275,ST昌鱼,1,1,1,1,54.58,517.12,5468.65,46.52
SH600857,宁波中百,99.1,99.2,96.9,82.4,121.21,96.91,440.98,22.23
SH600377,宁沪高速,94,95.9,97.6,64.3,19.62,21.88,60.82,9.65
SZ000965,天保基建,38.6,22.3,12.7,8.7,12,40.46,190.06,6.59
SH601155,新城控股,21.3,15.5,15.5,15.5,5.9,9.44,24.56,5.15
SH603701,德宏股份,63,63.4,63.4,63.4,39.83,32.69,59.72,12.09
SZ300486,东杰智能,35.8,31.2,31.2,31.2,48.44,96.04,551.62,34.56
SH600673,东阳光,39.7,27,16.6,12.5,22.68,144.05,1694.17,16.04
SZ002623,亚玛顿,1,1,1,1,269.89,113.4,458.54,14.49
SZ002813,路畅科技,1,1,1,1,6.85,231.04,362.34,122.5
SH600439,瑞贝卡,89.5,59.7,62.6,59.3,30.43,31.8,99.71,12.21
SH603367,辰欣药业,74.3,74.3,74.3,74.3,15.69,15.06,37.76,11.7
SH603239,浙江仙通,75.7,76.3,76.3,76.3,38.89,31.08,63.93,16.06
SZ000812,陕西金叶,92,84.3,92,96,240.16,78.57,405,18.28
SZ002141,贤丰控股,1,1,1,1,19.55,1107.37,47800.4,19.91
SH600749,西藏旅游,1,1,1,1,388.63,295.45,2923.6,28.62
SH600190,锦州港,44.7,30.6,31.9,26.2,33.95,71.81,695.39,18.61
SZ000813,德展健康,99.9,97.2,69.5,41.8,53.81,291.66,3425.43,15.47
SH600512,腾达建设,42.2,27,13.2,7.5,11.23,114.39,3036.72,7.76
SH601600,中国铝业,69,61.7,57.6,60.7,105.7,316.71,16942.2,12.83
SH600797,浙大网新,89.4,92.5,87.9,90.5,110.13,459.36,46867.8,15.76
SH600423,ST柳化,1,1,1,1,1.63,53.74,649.88,7.95
SZ002642,荣联科技,50.1,78.3,85.2,85.2,151.24,89.56,233.85,22.97
SH600008,首创股份,0.8,0.5,0.3,0.2,16.78,34.27,101.5,10.37
SZ300596,利安隆,68.3,68.3,68.3,68.3,29.51,28.63,38.86,22.21
SZ200771,杭汽轮B,33.6,26.3,56.6,68.4,13.8,17.49,172.81,1.38
SH600735,新华锦,85,53.3,43,46.3,49.82,86.65,610.08,5.72
SH600737,中粮糖业,39.3,28.8,22.8,10.6,25.43,234.23,21278.2,13.4
SH600320,振华重工,53.2,36.4,27,62.5,50.78,70.58,702.87,8.96
SZ300422,博世科,55.2,39.1,39.1,39.1,16.86,41.74,130.76,11.39
SH600101,明星电力,26.6,18.2,34.6,43.2,25.5,27.37,77.13,9.26
SZ002195,二三四五,91.4,75,63.5,58.5,45.1,60.94,555.56,11.63
SH600839,四川长虹,1,1,1,1,121.83,95.22,1013.68,10.93
